,input,rounds,cpus,memory,geomean,start,end,Average CPU Dynamic Energy per Round,Average DRAM Dynamic Energy per Round,Average CPU Energy per Round Unscaled,Average DRAM Energy per Round Unscaled,Average CPU Energy per Round,Average DRAM Energy per Round,Average CPU Utilization,Average CPU Power,Average DRAM Power,CPU-seconds,Memory-seconds,CPU Embodied CI (gCO2eq/CPU-s),Memory Embodied CI (gCO2eq/GiB-s),Total Energy per Round,CPU Operational Carbon,Memory Operational Carbon,Total Operational Carbon,CPU Embodied Carbon,Memory Embodied Carbon,Total Embodied Carbon,Total Carbon Footprint,workload,Grid CI (gCO2eq/kWh),Min CF,Min Runtime,Min Energy,Min Embodied,CF Improvement over Perf-Optimal (%),CF Improvement over Energy-Optimal (%),CF Improvement over Embodied-Optimal (%),CF Improvement over CF-Optimal (%)
45,3Dplummer_50000000,10,48,48,5.476,2024-10-28 05:47:35.956200,2024-10-28 05:48:30.726300,1596.6734084446884,134.5932009003663,1791.070221978022,149.98523296703297,1693.8718152113552,138.44120891703295,4809.093864468865,327.0763736263736,27.38956043956044,262.848,262.848,1.81891991163538e-05,1.2463145624577203e-05,1832.313024128388,0.0,0.0,0.0,0.0047809946093353,0.0032759129011288,0.0080569075104642,0.0080569075104642,nearestNeighbors,0,True,False,False,True,24.881542910616464,24.881542910616464,-0.0,-0.0
47,3Dplummer_50000000,10,96,48,4.575,2024-10-28 04:10:36.089900,2024-10-28 04:11:21.845600,1359.75809125,128.28129708333333,1522.1696,141.14078333333333,1522.1696,131.49616864583334,9563.932244444444,332.71466666666663,30.850444444444445,439.2000000000001,219.6,1.81891991163538e-05,1.2463145624577203e-05,1653.6657686458334,0.0,0.0,0.0,0.0079886962519025,0.0027369067791571,0.0107256030310597,0.0107256030310597,nearestNeighbors,0,False,True,True,False,-0.0,-0.0,-33.12307504001299,-33.12307504001299
111,3Dplummer_50000000,10,48,48,5.476,2024-10-28 05:47:35.956200,2024-10-28 05:48:30.726300,1596.6734084446884,134.5932009003663,1791.070221978022,149.98523296703297,1693.8718152113552,138.44120891703295,4809.093864468865,327.0763736263736,27.38956043956044,262.848,262.848,1.81891991163538e-05,1.2463145624577203e-05,1832.313024128388,0.0047051994866982,0.0003845589136584,0.0050897584003566,0.0047809946093353,0.0032759129011288,0.0080569075104642,0.0131466659108208,nearestNeighbors,10,True,False,False,True,14.181319020007678,14.181319020007678,-0.0,-0.0
113,3Dplummer_50000000,10,96,48,4.575,2024-10-28 04:10:36.089900,2024-10-28 04:11:21.845600,1359.75809125,128.28129708333333,1522.1696,141.14078333333333,1522.1696,131.49616864583334,9563.932244444444,332.71466666666663,30.850444444444445,439.2000000000001,219.6,1.81891991163538e-05,1.2463145624577203e-05,1653.6657686458334,0.0042282488888888,0.0003652671351273,0.0045935160240162,0.0079886962519025,0.0027369067791571,0.0107256030310597,0.0153191190550759,nearestNeighbors,10,False,True,True,False,-0.0,-0.0,-16.524745962145342,-16.524745962145342
177,3Dplummer_50000000,10,48,48,5.476,2024-10-28 05:47:35.956200,2024-10-28 05:48:30.726300,1596.6734084446884,134.5932009003663,1791.070221978022,149.98523296703297,1693.8718152113552,138.44120891703295,4809.093864468865,327.0763736263736,27.38956043956044,262.848,262.848,1.81891991163538e-05,1.2463145624577203e-05,1832.313024128388,0.0094103989733964,0.0007691178273168,0.0101795168007132,0.0047809946093353,0.0032759129011288,0.0080569075104642,0.0182364243111775,nearestNeighbors,20,True,False,False,True,8.417824970209935,8.417824970209935,-0.0,-0.0
179,3Dplummer_50000000,10,96,48,4.575,2024-10-28 04:10:36.089900,2024-10-28 04:11:21.845600,1359.75809125,128.28129708333333,1522.1696,141.14078333333333,1522.1696,131.49616864583334,9563.932244444444,332.71466666666663,30.850444444444445,439.2000000000001,219.6,1.81891991163538e-05,1.2463145624577203e-05,1653.6657686458334,0.0084564977777777,0.0007305342702546,0.0091870320480324,0.0079886962519025,0.0027369067791571,0.0107256030310597,0.0199126350790921,nearestNeighbors,20,False,True,True,False,-0.0,-0.0,-9.19155388859433,-9.19155388859433
243,3Dplummer_50000000,10,48,48,5.476,2024-10-28 05:47:35.956200,2024-10-28 05:48:30.726300,1596.6734084446884,134.5932009003663,1791.070221978022,149.98523296703297,1693.8718152113552,138.44120891703295,4809.093864468865,327.0763736263736,27.38956043956044,262.848,262.848,1.81891991163538e-05,1.2463145624577203e-05,1832.313024128388,0.0141155984600946,0.0011536767409752,0.0152692752010699,0.0047809946093353,0.0032759129011288,0.0080569075104642,0.0233261827115341,nearestNeighbors,30,True,False,False,True,4.814988639421782,4.814988639421782,-0.0,-0.0
245,3Dplummer_50000000,10,96,48,4.575,2024-10-28 04:10:36.089900,2024-10-28 04:11:21.845600,1359.75809125,128.28129708333333,1522.1696,141.14078333333333,1522.1696,131.49616864583334,9563.932244444444,332.71466666666663,30.850444444444445,439.2000000000001,219.6,1.81891991163538e-05,1.2463145624577203e-05,1653.6657686458334,0.0126847466666666,0.0010958014053819,0.0137805480720486,0.0079886962519025,0.0027369067791571,0.0107256030310597,0.0245061511031083,nearestNeighbors,30,False,True,True,False,-0.0,-0.0,-5.0585576138471255,-5.0585576138471255
309,3Dplummer_50000000,10,48,48,5.476,2024-10-28 05:47:35.956200,2024-10-28 05:48:30.726300,1596.6734084446884,134.5932009003663,1791.070221978022,149.98523296703297,1693.8718152113552,138.44120891703295,4809.093864468865,327.0763736263736,27.38956043956044,262.848,262.848,1.81891991163538e-05,1.2463145624577203e-05,1832.313024128388,0.0188207979467928,0.0015382356546336,0.0203590336014265,0.0047809946093353,0.0032759129011288,0.0080569075104642,0.0284159411118907,nearestNeighbors,40,True,False,False,True,2.349600812431569,2.349600812431569,-0.0,-0.0
311,3Dplummer_50000000,10,96,48,4.575,2024-10-28 04:10:36.089900,2024-10-28 04:11:21.845600,1359.75809125,128.28129708333333,1522.1696,141.14078333333333,1522.1696,131.49616864583334,9563.932244444444,332.71466666666663,30.850444444444445,439.2000000000001,219.6,1.81891991163538e-05,1.2463145624577203e-05,1653.6657686458334,0.0169129955555555,0.0014610685405092,0.0183740640960648,0.0079886962519025,0.0027369067791571,0.0107256030310597,0.0290996671271245,nearestNeighbors,40,False,True,True,False,-0.0,-0.0,-2.406135389081634,-2.406135389081634
338,3Dplummer_50000000,10,64,48,5.113,2024-10-28 05:16:11.178000,2024-10-28 05:17:02.318400,1492.3895631107844,131.55130928529414,1673.8999552941175,145.9230149019608,1613.3964912330066,135.1442356894608,6389.687274509804,327.38117647058823,28.53960784313725,327.232,245.42400000000004,1.81891991163538e-05,1.2463145624577203e-05,1748.5407269224677,0.0224082846004584,0.0018770032734647,0.0242852878739231,0.0059520880052426,0.0030587550517662,0.0090108430570089,0.033296130930932,nearestNeighbors,50,True,False,False,False,1.1784348733914682,1.1784348733914682,0.6254714402807644,-0.0
375,3Dplummer_50000000,10,48,48,5.476,2024-10-28 05:47:35.956200,2024-10-28 05:48:30.726300,1596.6734084446884,134.5932009003663,1791.070221978022,149.98523296703297,1693.8718152113552,138.44120891703295,4809.093864468865,327.0763736263736,27.38956043956044,262.848,262.848,1.81891991163538e-05,1.2463145624577203e-05,1832.313024128388,0.023525997433491,0.0019227945682921,0.0254487920017831,0.0047809946093353,0.0032759129011288,0.0080569075104642,0.0335056995122474,nearestNeighbors,50,False,False,False,True,0.5564438303507522,0.5564438303507522,-0.0,-0.6294082088700291
377,3Dplummer_50000000,10,96,48,4.575,2024-10-28 04:10:36.089900,2024-10-28 04:11:21.845600,1359.75809125,128.28129708333333,1522.1696,141.14078333333333,1522.1696,131.49616864583334,9563.932244444444,332.71466666666663,30.850444444444445,439.2000000000001,219.6,1.81891991163538e-05,1.2463145624577203e-05,1653.6657686458334,0.0211412444444444,0.0018263356756365,0.022967580120081,0.0079886962519025,0.0027369067791571,0.0107256030310597,0.0336931831511407,nearestNeighbors,50,False,True,True,False,-0.0,-0.0,-0.5595574532767785,-1.1924875626910758
418,3Dplummer_50000000,10,80,48,4.825,2024-10-28 04:41:52.669000,2024-10-28 04:42:40.927100,1410.1883794415633,128.83637286134163,1581.4748340248966,142.39856327800828,1552.9270915943412,132.2269204655083,7987.953132780082,327.76680497925315,29.51265560165975,386.0,231.6,1.81891991163538e-05,1.2463145624577203e-05,1685.1540120598495,0.025882118193239,0.0022037820077584,0.0280859002009974,0.0070210308589125,0.002886464526652,0.0099074953855646,0.0379933955865621,nearestNeighbors,60,True,False,False,False,0.7660717557629583,0.7660717557629583,1.559930516708,-0.0
441,3Dplummer_50000000,10,48,48,5.476,2024-10-28 05:47:35.956200,2024-10-28 05:48:30.726300,1596.6734084446884,134.5932009003663,1791.070221978022,149.98523296703297,1693.8718152113552,138.44120891703295,4809.093864468865,327.0763736263736,27.38956043956044,262.848,262.848,1.81891991163538e-05,1.2463145624577203e-05,1832.313024128388,0.0282311969201892,0.0023073534819505,0.0305385504021398,0.0047809946093353,0.0032759129011288,0.0080569075104642,0.038595457912604,nearestNeighbors,60,False,False,False,True,-0.8064386434426294,-0.8064386434426294,-0.0,-1.5846499549380788
443,3Dplummer_50000000,10,96,48,4.575,2024-10-28 04:10:36.089900,2024-10-28 04:11:21.845600,1359.75809125,128.28129708333333,1522.1696,141.14078333333333,1522.1696,131.49616864583334,9563.932244444444,332.71466666666663,30.850444444444445,439.2000000000001,219.6,1.81891991163538e-05,1.2463145624577203e-05,1653.6657686458334,0.0253694933333333,0.0021916028107638,0.0275610961440972,0.0079886962519025,0.0027369067791571,0.0107256030310597,0.0382866991751569,nearestNeighbors,60,False,True,True,False,-0.0,-0.0,0.7999872372190856,-0.7719857203248904
484,3Dplummer_50000000,10,80,48,4.825,2024-10-28 04:41:52.669000,2024-10-28 04:42:40.927100,1410.1883794415633,128.83637286134163,1581.4748340248966,142.39856327800828,1552.9270915943412,132.2269204655083,7987.953132780082,327.76680497925315,29.51265560165975,386.0,231.6,1.81891991163538e-05,1.2463145624577203e-05,1685.1540120598495,0.0301958045587788,0.0025710790090515,0.0327668835678304,0.0070210308589125,0.002886464526652,0.0099074953855646,0.042674378953395,nearestNeighbors,70,True,False,False,False,0.4800261491739657,0.4800261491739657,2.3139117643917975,-0.0
507,3Dplummer_50000000,10,48,48,5.476,2024-10-28 05:47:35.956200,2024-10-28 05:48:30.726300,1596.6734084446884,134.5932009003663,1791.070221978022,149.98523296703297,1693.8718152113552,138.44120891703295,4809.093864468865,327.0763736263736,27.38956043956044,262.848,262.848,1.81891991163538e-05,1.2463145624577203e-05,1832.313024128388,0.0329363964068874,0.0026919123956089,0.0356283088024964,0.0047809946093353,0.0032759129011288,0.0080569075104642,0.0436852163129606,nearestNeighbors,70,False,False,False,True,-1.8773252653895809,-1.8773252653895809,-0.0,-2.3687218990803425
509,3Dplummer_50000000,10,96,48,4.575,2024-10-28 04:10:36.089900,2024-10-28 04:11:21.845600,1359.75809125,128.28129708333333,1522.1696,141.14078333333333,1522.1696,131.49616864583334,9563.932244444444,332.71466666666663,30.850444444444445,439.2000000000001,219.6,1.81891991163538e-05,1.2463145624577203e-05,1653.6657686458334,0.0295977422222222,0.0025568699458912,0.0321546121681134,0.0079886962519025,0.0027369067791571,0.0107256030310597,0.0428802151991731,nearestNeighbors,70,False,True,True,False,-0.0,-0.0,1.842731206869796,-0.4823415145722342
550,3Dplummer_50000000,10,80,48,4.825,2024-10-28 04:41:52.669000,2024-10-28 04:42:40.927100,1410.1883794415633,128.83637286134163,1581.4748340248966,142.39856327800828,1552.9270915943412,132.2269204655083,7987.953132780082,327.76680497925315,29.51265560165975,386.0,231.6,1.81891991163538e-05,1.2463145624577203e-05,1685.1540120598495,0.0345094909243186,0.0029383760103446,0.0374478669346633,0.0070210308589125,0.002886464526652,0.0099074953855646,0.0473553623202279,nearestNeighbors,80,True,False,False,False,0.24933557972283746,0.24933557972283746,2.9105343497016665,-0.0
573,3Dplummer_50000000,10,48,48,5.476,2024-10-28 05:47:35.956200,2024-10-28 05:48:30.726300,1596.6734084446884,134.5932009003663,1791.070221978022,149.98523296703297,1693.8718152113552,138.44120891703295,4809.093864468865,327.0763736263736,27.38956043956044,262.848,262.848,1.81891991163538e-05,1.2463145624577203e-05,1832.313024128388,0.0376415958935856,0.0030764713092673,0.040718067202853,0.0047809946093353,0.0032759129011288,0.0080569075104642,0.0487749747133173,nearestNeighbors,80,False,False,False,True,-2.740975812519215,-2.740975812519215,-0.0,-2.997785939192388
575,3Dplummer_50000000,10,96,48,4.575,2024-10-28 04:10:36.089900,2024-10-28 04:11:21.845600,1359.75809125,128.28129708333333,1522.1696,141.14078333333333,1522.1696,131.49616864583334,9563.932244444444,332.71466666666663,30.850444444444445,439.2000000000001,219.6,1.81891991163538e-05,1.2463145624577203e-05,1653.6657686458334,0.0338259911111111,0.0029221370810185,0.0367481281921296,0.0079886962519025,0.0027369067791571,0.0107256030310597,0.0474737312231893,nearestNeighbors,80,False,True,True,False,-0.0,-0.0,2.6678506709152954,-0.24995881598574385
616,3Dplummer_50000000,10,80,48,4.825,2024-10-28 04:41:52.669000,2024-10-28 04:42:40.927100,1410.1883794415633,128.83637286134163,1581.4748340248966,142.39856327800828,1552.9270915943412,132.2269204655083,7987.953132780082,327.76680497925315,29.51265560165975,386.0,231.6,1.81891991163538e-05,1.2463145624577203e-05,1685.1540120598495,0.0388231772898585,0.0033056730116377,0.0421288503014962,0.0070210308589125,0.002886464526652,0.0099074953855646,0.0520363456870608,nearestNeighbors,90,True,False,False,False,0.05934932568642721,0.05934932568642721,3.394405431759119,-0.0
639,3Dplummer_50000000,10,48,48,5.476,2024-10-28 05:47:35.956200,2024-10-28 05:48:30.726300,1596.6734084446884,134.5932009003663,1791.070221978022,149.98523296703297,1693.8718152113552,138.44120891703295,4809.093864468865,327.0763736263736,27.38956043956044,262.848,262.848,1.81891991163538e-05,1.2463145624577203e-05,1832.313024128388,0.0423467953802838,0.0034610302229258,0.0458078256032097,0.0047809946093353,0.0032759129011288,0.0080569075104642,0.0538647331136739,nearestNeighbors,90,False,False,False,True,-3.4522390975160904,-3.4522390975160904,-0.0,-3.5136737648887992
641,3Dplummer_50000000,10,96,48,4.575,2024-10-28 04:10:36.089900,2024-10-28 04:11:21.845600,1359.75809125,128.28129708333333,1522.1696,141.14078333333333,1522.1696,131.49616864583334,9563.932244444444,332.71466666666663,30.850444444444445,439.2000000000001,219.6,1.81891991163538e-05,1.2463145624577203e-05,1653.6657686458334,0.03805424,0.0032874042161458,0.0413416442161458,0.0079886962519025,0.0027369067791571,0.0107256030310597,0.0520672472472055,nearestNeighbors,90,False,True,True,False,-0.0,-0.0,3.3370366148014856,-0.0593845700283008
705,3Dplummer_50000000,10,48,48,5.476,2024-10-28 05:47:35.956200,2024-10-28 05:48:30.726300,1596.6734084446884,134.5932009003663,1791.070221978022,149.98523296703297,1693.8718152113552,138.44120891703295,4809.093864468865,327.0763736263736,27.38956043956044,262.848,262.848,1.81891991163538e-05,1.2463145624577203e-05,1832.313024128388,0.047051994866982,0.0038455891365842,0.0508975840035663,0.0047809946093353,0.0032759129011288,0.0080569075104642,0.0589544915140305,nearestNeighbors,100,False,False,False,True,-4.0481774518801785,-4.0481774518801785,-0.0,-4.0481774518801785
707,3Dplummer_50000000,10,96,48,4.575,2024-10-28 04:10:36.089900,2024-10-28 04:11:21.845600,1359.75809125,128.28129708333333,1522.1696,141.14078333333333,1522.1696,131.49616864583334,9563.932244444444,332.71466666666663,30.850444444444445,439.2000000000001,219.6,1.81891991163538e-05,1.2463145624577203e-05,1653.6657686458334,0.0422824888888888,0.0036526713512731,0.045935160240162,0.0079886962519025,0.0027369067791571,0.0107256030310597,0.0566607632712217,nearestNeighbors,100,True,True,True,False,-0.0,-0.0,3.890675983971333,-0.0
771,3Dplummer_50000000,10,48,48,5.476,2024-10-28 05:47:35.956200,2024-10-28 05:48:30.726300,1596.6734084446884,134.5932009003663,1791.070221978022,149.98523296703297,1693.8718152113552,138.44120891703295,4809.093864468865,327.0763736263736,27.38956043956044,262.848,262.848,1.81891991163538e-05,1.2463145624577203e-05,1832.313024128388,0.0517571943536802,0.0042301480502426,0.0559873424039229,0.0047809946093353,0.0032759129011288,0.0080569075104642,0.0640442499143872,nearestNeighbors,110,False,False,False,True,-4.554735850701952,-4.554735850701952,-0.0,-4.554735850701952
773,3Dplummer_50000000,10,96,48,4.575,2024-10-28 04:10:36.089900,2024-10-28 04:11:21.845600,1359.75809125,128.28129708333333,1522.1696,141.14078333333333,1522.1696,131.49616864583334,9563.932244444444,332.71466666666663,30.850444444444445,439.2000000000001,219.6,1.81891991163538e-05,1.2463145624577203e-05,1653.6657686458334,0.0465107377777777,0.0040179384864004,0.0505286762641782,0.0079886962519025,0.0027369067791571,0.0107256030310597,0.0612542792952379,nearestNeighbors,110,True,True,True,False,-0.0,-0.0,4.356317113369068,-0.0
837,3Dplummer_50000000,10,48,48,5.476,2024-10-28 05:47:35.956200,2024-10-28 05:48:30.726300,1596.6734084446884,134.5932009003663,1791.070221978022,149.98523296703297,1693.8718152113552,138.44120891703295,4809.093864468865,327.0763736263736,27.38956043956044,262.848,262.848,1.81891991163538e-05,1.2463145624577203e-05,1832.313024128388,0.0564623938403785,0.004614706963901,0.0610771008042796,0.0047809946093353,0.0032759129011288,0.0080569075104642,0.0691340083147438,nearestNeighbors,120,False,False,False,True,-4.990619624479212,-4.990619624479212,-0.0,-4.990619624479212
839,3Dplummer_50000000,10,96,48,4.575,2024-10-28 04:10:36.089900,2024-10-28 04:11:21.845600,1359.75809125,128.28129708333333,1522.1696,141.14078333333333,1522.1696,131.49616864583334,9563.932244444444,332.71466666666663,30.850444444444445,439.2000000000001,219.6,1.81891991163538e-05,1.2463145624577203e-05,1653.6657686458334,0.0507389866666666,0.0043832056215277,0.0551221922881944,0.0079886962519025,0.0027369067791571,0.0107256030310597,0.0658477953192542,nearestNeighbors,120,True,True,True,False,-0.0,-0.0,4.753395724617306,-0.0
903,3Dplummer_50000000,10,48,48,5.476,2024-10-28 05:47:35.956200,2024-10-28 05:48:30.726300,1596.6734084446884,134.5932009003663,1791.070221978022,149.98523296703297,1693.8718152113552,138.44120891703295,4809.093864468865,327.0763736263736,27.38956043956044,262.848,262.848,1.81891991163538e-05,1.2463145624577203e-05,1832.313024128388,0.0611675933270767,0.0049992658775595,0.0661668592046362,0.0047809946093353,0.0032759129011288,0.0080569075104642,0.0742237667151004,nearestNeighbors,130,False,False,False,True,-5.369654964822676,-5.369654964822676,-0.0,-5.369654964822676
905,3Dplummer_50000000,10,96,48,4.575,2024-10-28 04:10:36.089900,2024-10-28 04:11:21.845600,1359.75809125,128.28129708333333,1522.1696,141.14078333333333,1522.1696,131.49616864583334,9563.932244444444,332.71466666666663,30.850444444444445,439.2000000000001,219.6,1.81891991163538e-05,1.2463145624577203e-05,1653.6657686458334,0.0549672355555555,0.004748472756655,0.0597157083122106,0.0079886962519025,0.0027369067791571,0.0107256030310597,0.0704413113432703,nearestNeighbors,130,True,True,True,False,-0.0,-0.0,5.096016463767788,-0.0
969,3Dplummer_50000000,10,48,48,5.476,2024-10-28 05:47:35.956200,2024-10-28 05:48:30.726300,1596.6734084446884,134.5932009003663,1791.070221978022,149.98523296703297,1693.8718152113552,138.44120891703295,4809.093864468865,327.0763736263736,27.38956043956044,262.848,262.848,1.81891991163538e-05,1.2463145624577203e-05,1832.313024128388,0.0658727928137749,0.0053838247912179,0.0712566176049928,0.0047809946093353,0.0032759129011288,0.0080569075104642,0.0793135251154571,nearestNeighbors,140,False,False,False,True,-5.7022823911180325,-5.7022823911180325,-0.0,-5.7022823911180325
971,3Dplummer_50000000,10,96,48,4.575,2024-10-28 04:10:36.089900,2024-10-28 04:11:21.845600,1359.75809125,128.28129708333333,1522.1696,141.14078333333333,1522.1696,131.49616864583334,9563.932244444444,332.71466666666663,30.850444444444445,439.2000000000001,219.6,1.81891991163538e-05,1.2463145624577203e-05,1653.6657686458334,0.0591954844444444,0.0051137398917824,0.0643092243362268,0.0079886962519025,0.0027369067791571,0.0107256030310597,0.0750348273672865,nearestNeighbors,140,True,True,True,False,-0.0,-0.0,5.394663447302425,-0.0
1035,3Dplummer_50000000,10,48,48,5.476,2024-10-28 05:47:35.956200,2024-10-28 05:48:30.726300,1596.6734084446884,134.5932009003663,1791.070221978022,149.98523296703297,1693.8718152113552,138.44120891703295,4809.093864468865,327.0763736263736,27.38956043956044,262.848,262.848,1.81891991163538e-05,1.2463145624577203e-05,1832.313024128388,0.0705779923004731,0.0057683837048763,0.0763463760053494,0.0047809946093353,0.0032759129011288,0.0080569075104642,0.0844032835158137,nearestNeighbors,150,False,False,False,True,-5.996533295997892,-5.996533295997892,-0.0,-5.996533295997892
1037,3Dplummer_50000000,10,96,48,4.575,2024-10-28 04:10:36.089900,2024-10-28 04:11:21.845600,1359.75809125,128.28129708333333,1522.1696,141.14078333333333,1522.1696,131.49616864583334,9563.932244444444,332.71466666666663,30.850444444444445,439.2000000000001,219.6,1.81891991163538e-05,1.2463145624577203e-05,1653.6657686458334,0.0634237333333333,0.0054790070269097,0.068902740360243,0.0079886962519025,0.0027369067791571,0.0107256030310597,0.0796283433913027,nearestNeighbors,150,True,True,True,False,-0.0,-0.0,5.657291903361053,-0.0
1101,3Dplummer_50000000,10,48,48,5.476,2024-10-28 05:47:35.956200,2024-10-28 05:48:30.726300,1596.6734084446884,134.5932009003663,1791.070221978022,149.98523296703297,1693.8718152113552,138.44120891703295,4809.093864468865,327.0763736263736,27.38956043956044,262.848,262.848,1.81891991163538e-05,1.2463145624577203e-05,1832.313024128388,0.0752831917871713,0.0061529426185347,0.0814361344057061,0.0047809946093353,0.0032759129011288,0.0080569075104642,0.0894930419161703,nearestNeighbors,160,False,False,False,True,-6.258686922189391,-6.258686922189391,-0.0,-6.258686922189391
1103,3Dplummer_50000000,10,96,48,4.575,2024-10-28 04:10:36.089900,2024-10-28 04:11:21.845600,1359.75809125,128.28129708333333,1522.1696,141.14078333333333,1522.1696,131.49616864583334,9563.932244444444,332.71466666666663,30.850444444444445,439.2000000000001,219.6,1.81891991163538e-05,1.2463145624577203e-05,1653.6657686458334,0.0676519822222222,0.005844274162037,0.0734962563842592,0.0079886962519025,0.0027369067791571,0.0107256030310597,0.084221859415319,nearestNeighbors,160,True,True,True,False,-0.0,-0.0,5.890047301989034,-0.0
1167,3Dplummer_50000000,10,48,48,5.476,2024-10-28 05:47:35.956200,2024-10-28 05:48:30.726300,1596.6734084446884,134.5932009003663,1791.070221978022,149.98523296703297,1693.8718152113552,138.44120891703295,4809.093864468865,327.0763736263736,27.38956043956044,262.848,262.848,1.81891991163538e-05,1.2463145624577203e-05,1832.313024128388,0.0799883912738695,0.0065375015321932,0.0865258928060627,0.0047809946093353,0.0032759129011288,0.0080569075104642,0.094582800316527,nearestNeighbors,170,False,False,False,True,-6.493723466981462,-6.493723466981462,-0.0,-6.493723466981462
1169,3Dplummer_50000000,10,96,48,4.575,2024-10-28 04:10:36.089900,2024-10-28 04:11:21.845600,1359.75809125,128.28129708333333,1522.1696,141.14078333333333,1522.1696,131.49616864583334,9563.932244444444,332.71466666666663,30.850444444444445,439.2000000000001,219.6,1.81891991163538e-05,1.2463145624577203e-05,1653.6657686458334,0.0718802311111111,0.0062095412971643,0.0780897724082754,0.0079886962519025,0.0027369067791571,0.0107256030310597,0.0888153754393352,nearestNeighbors,170,True,True,True,False,-0.0,-0.0,6.09775229522785,-0.0
1233,3Dplummer_50000000,10,48,48,5.476,2024-10-28 05:47:35.956200,2024-10-28 05:48:30.726300,1596.6734084446884,134.5932009003663,1791.070221978022,149.98523296703297,1693.8718152113552,138.44120891703295,4809.093864468865,327.0763736263736,27.38956043956044,262.848,262.848,1.81891991163538e-05,1.2463145624577203e-05,1832.313024128388,0.0846935907605677,0.0069220604458516,0.0916156512064194,0.0047809946093353,0.0032759129011288,0.0080569075104642,0.0996725587168836,nearestNeighbors,180,False,False,False,True,-6.705643494323792,-6.705643494323792,-0.0,-6.705643494323792
1235,3Dplummer_50000000,10,96,48,4.575,2024-10-28 04:10:36.089900,2024-10-28 04:11:21.845600,1359.75809125,128.28129708333333,1522.1696,141.14078333333333,1522.1696,131.49616864583334,9563.932244444444,332.71466666666663,30.850444444444445,439.2000000000001,219.6,1.81891991163538e-05,1.2463145624577203e-05,1653.6657686458334,0.07610848,0.0065748084322916,0.0826832884322916,0.0079886962519025,0.0027369067791571,0.0107256030310597,0.0934088914633514,nearestNeighbors,180,True,True,True,False,-0.0,-0.0,6.284244464240074,-0.0
1299,3Dplummer_50000000,10,48,48,5.476,2024-10-28 05:47:35.956200,2024-10-28 05:48:30.726300,1596.6734084446884,134.5932009003663,1791.070221978022,149.98523296703297,1693.8718152113552,138.44120891703295,4809.093864468865,327.0763736263736,27.38956043956044,262.848,262.848,1.81891991163538e-05,1.2463145624577203e-05,1832.313024128388,0.0893987902472659,0.00730661935951,0.096705409606776,0.0047809946093353,0.0032759129011288,0.0080569075104642,0.1047623171172402,nearestNeighbors,190,False,False,False,True,-6.897697519057313,-6.897697519057313,-0.0,-6.897697519057313
1301,3Dplummer_50000000,10,96,48,4.575,2024-10-28 04:10:36.089900,2024-10-28 04:11:21.845600,1359.75809125,128.28129708333333,1522.1696,141.14078333333333,1522.1696,131.49616864583334,9563.932244444444,332.71466666666663,30.850444444444445,439.2000000000001,219.6,1.81891991163538e-05,1.2463145624577203e-05,1653.6657686458334,0.0803367288888888,0.0069400755674189,0.0872768044563078,0.0079886962519025,0.0027369067791571,0.0107256030310597,0.0980024074873676,nearestNeighbors,190,True,True,True,False,-0.0,-0.0,6.452615612069303,-0.0
1365,3Dplummer_50000000,10,48,48,5.476,2024-10-28 05:47:35.956200,2024-10-28 05:48:30.726300,1596.6734084446884,134.5932009003663,1791.070221978022,149.98523296703297,1693.8718152113552,138.44120891703295,4809.093864468865,327.0763736263736,27.38956043956044,262.848,262.848,1.81891991163538e-05,1.2463145624577203e-05,1832.313024128388,0.0941039897339641,0.0076911782731684,0.1017951680071326,0.0047809946093353,0.0032759129011288,0.0080569075104642,0.1098520755175969,nearestNeighbors,200,False,False,False,True,-7.072553916245976,-7.072553916245976,-0.0,-7.072553916245976
1367,3Dplummer_50000000,10,96,48,4.575,2024-10-28 04:10:36.089900,2024-10-28 04:11:21.845600,1359.75809125,128.28129708333333,1522.1696,141.14078333333333,1522.1696,131.49616864583334,9563.932244444444,332.71466666666663,30.850444444444445,439.2000000000001,219.6,1.81891991163538e-05,1.2463145624577203e-05,1653.6657686458334,0.0845649777777777,0.0073053427025462,0.091870320480324,0.0079886962519025,0.0027369067791571,0.0107256030310597,0.1025959235113838,nearestNeighbors,200,True,True,True,False,-0.0,-0.0,6.605384533723041,-0.0
1431,3Dplummer_50000000,10,48,48,5.476,2024-10-28 05:47:35.956200,2024-10-28 05:48:30.726300,1596.6734084446884,134.5932009003663,1791.070221978022,149.98523296703297,1693.8718152113552,138.44120891703295,4809.093864468865,327.0763736263736,27.38956043956044,262.848,262.848,1.81891991163538e-05,1.2463145624577203e-05,1832.313024128388,0.0988091892206623,0.0080757371868269,0.1068849264074893,0.0047809946093353,0.0032759129011288,0.0080569075104642,0.1149418339179535,nearestNeighbors,210,False,False,False,True,-7.232423656803635,-7.232423656803635,-0.0,-7.232423656803635
1433,3Dplummer_50000000,10,96,48,4.575,2024-10-28 04:10:36.089900,2024-10-28 04:11:21.845600,1359.75809125,128.28129708333333,1522.1696,141.14078333333333,1522.1696,131.49616864583334,9563.932244444444,332.71466666666663,30.850444444444445,439.2000000000001,219.6,1.81891991163538e-05,1.2463145624577203e-05,1653.6657686458334,0.0887932266666666,0.0076706098376736,0.0964638365043402,0.0079886962519025,0.0027369067791571,0.0107256030310597,0.1071894395354,nearestNeighbors,210,True,True,True,False,-0.0,-0.0,6.744623883491564,-0.0
1497,3Dplummer_50000000,10,48,48,5.476,2024-10-28 05:47:35.956200,2024-10-28 05:48:30.726300,1596.6734084446884,134.5932009003663,1791.070221978022,149.98523296703297,1693.8718152113552,138.44120891703295,4809.093864468865,327.0763736263736,27.38956043956044,262.848,262.848,1.81891991163538e-05,1.2463145624577203e-05,1832.313024128388,0.1035143887073605,0.0084602961004853,0.1119746848078459,0.0047809946093353,0.0032759129011288,0.0080569075104642,0.1200315923183101,nearestNeighbors,220,False,False,False,True,-7.379154288427717,-7.379154288427717,-0.0,-7.379154288427717
1499,3Dplummer_50000000,10,96,48,4.575,2024-10-28 04:10:36.089900,2024-10-28 04:11:21.845600,1359.75809125,128.28129708333333,1522.1696,141.14078333333333,1522.1696,131.49616864583334,9563.932244444444,332.71466666666663,30.850444444444445,439.2000000000001,219.6,1.81891991163538e-05,1.2463145624577203e-05,1653.6657686458334,0.0930214755555555,0.0080358769728009,0.1010573525283564,0.0079886962519025,0.0027369067791571,0.0107256030310597,0.1117829555594162,nearestNeighbors,220,True,True,True,False,-0.0,-0.0,6.872054764565203,-0.0
1563,3Dplummer_50000000,10,48,48,5.476,2024-10-28 05:47:35.956200,2024-10-28 05:48:30.726300,1596.6734084446884,134.5932009003663,1791.070221978022,149.98523296703297,1693.8718152113552,138.44120891703295,4809.093864468865,327.0763736263736,27.38956043956044,262.848,262.848,1.81891991163538e-05,1.2463145624577203e-05,1832.313024128388,0.1082195881940588,0.0088448550141437,0.1170644432082025,0.0047809946093353,0.0032759129011288,0.0080569075104642,0.1251213507186668,nearestNeighbors,230,False,False,False,True,-7.514301659304953,-7.514301659304953,-0.0,-7.514301659304953
1565,3Dplummer_50000000,10,96,48,4.575,2024-10-28 04:10:36.089900,2024-10-28 04:11:21.845600,1359.75809125,128.28129708333333,1522.1696,141.14078333333333,1522.1696,131.49616864583334,9563.932244444444,332.71466666666663,30.850444444444445,439.2000000000001,219.6,1.81891991163538e-05,1.2463145624577203e-05,1653.6657686458334,0.0972497244444444,0.0084011441079282,0.1056508685523726,0.0079886962519025,0.0027369067791571,0.0107256030310597,0.1163764715834324,nearestNeighbors,230,True,True,True,False,-0.0,-0.0,6.989118232025106,-0.0
1629,3Dplummer_50000000,10,48,48,5.476,2024-10-28 05:47:35.956200,2024-10-28 05:48:30.726300,1596.6734084446884,134.5932009003663,1791.070221978022,149.98523296703297,1693.8718152113552,138.44120891703295,4809.093864468865,327.0763736263736,27.38956043956044,262.848,262.848,1.81891991163538e-05,1.2463145624577203e-05,1832.313024128388,0.112924787680757,0.0092294139278021,0.1221542016085592,0.0047809946093353,0.0032759129011288,0.0080569075104642,0.1302111091190234,nearestNeighbors,240,False,False,False,True,-7.639185300706582,-7.639185300706582,-0.0,-7.639185300706582
1631,3Dplummer_50000000,10,96,48,4.575,2024-10-28 04:10:36.089900,2024-10-28 04:11:21.845600,1359.75809125,128.28129708333333,1522.1696,141.14078333333333,1522.1696,131.49616864583334,9563.932244444444,332.71466666666663,30.850444444444445,439.2000000000001,219.6,1.81891991163538e-05,1.2463145624577203e-05,1653.6657686458334,0.1014779733333333,0.0087664112430555,0.1102443845763888,0.0079886962519025,0.0027369067791571,0.0107256030310597,0.1209699876074486,nearestNeighbors,240,True,True,True,False,-0.0,-0.0,7.097030026161333,-0.0
1695,3Dplummer_50000000,10,48,48,5.476,2024-10-28 05:47:35.956200,2024-10-28 05:48:30.726300,1596.6734084446884,134.5932009003663,1791.070221978022,149.98523296703297,1693.8718152113552,138.44120891703295,4809.093864468865,327.0763736263736,27.38956043956044,262.848,262.848,1.81891991163538e-05,1.2463145624577203e-05,1832.313024128388,0.1176299871674552,0.0096139728414606,0.1272439600089158,0.0047809946093353,0.0032759129011288,0.0080569075104642,0.13530086751938,nearestNeighbors,250,False,False,False,True,-7.754931653145699,-7.754931653145699,-0.0,-7.754931653145699
1697,3Dplummer_50000000,10,96,48,4.575,2024-10-28 04:10:36.089900,2024-10-28 04:11:21.845600,1359.75809125,128.28129708333333,1522.1696,141.14078333333333,1522.1696,131.49616864583334,9563.932244444444,332.71466666666663,30.850444444444445,439.2000000000001,219.6,1.81891991163538e-05,1.2463145624577203e-05,1653.6657686458334,0.1057062222222222,0.0091316783781828,0.114837900600405,0.0079886962519025,0.0027369067791571,0.0107256030310597,0.1255635036314648,nearestNeighbors,250,True,True,True,False,-0.0,-0.0,7.196822952018743,-0.0
1761,3Dplummer_50000000,10,48,48,5.476,2024-10-28 05:47:35.956200,2024-10-28 05:48:30.726300,1596.6734084446884,134.5932009003663,1791.070221978022,149.98523296703297,1693.8718152113552,138.44120891703295,4809.093864468865,327.0763736263736,27.38956043956044,262.848,262.848,1.81891991163538e-05,1.2463145624577203e-05,1832.313024128388,0.1223351866541534,0.009998531755119,0.1323337184092724,0.0047809946093353,0.0032759129011288,0.0080569075104642,0.1403906259197367,nearestNeighbors,260,False,False,False,True,-7.86250813927942,-7.86250813927942,-0.0,-7.86250813927942
1763,3Dplummer_50000000,10,96,48,4.575,2024-10-28 04:10:36.089900,2024-10-28 04:11:21.845600,1359.75809125,128.28129708333333,1522.1696,141.14078333333333,1522.1696,131.49616864583334,9563.932244444444,332.71466666666663,30.850444444444445,439.2000000000001,219.6,1.81891991163538e-05,1.2463145624577203e-05,1653.6657686458334,0.1099344711111111,0.0094969455133101,0.1194314166244212,0.0079886962519025,0.0027369067791571,0.0107256030310597,0.130157019655481,nearestNeighbors,260,True,True,True,False,-0.0,-0.0,7.289380040307253,-0.0
1827,3Dplummer_50000000,10,48,48,5.476,2024-10-28 05:47:35.956200,2024-10-28 05:48:30.726300,1596.6734084446884,134.5932009003663,1791.070221978022,149.98523296703297,1693.8718152113552,138.44120891703295,4809.093864468865,327.0763736263736,27.38956043956044,262.848,262.848,1.81891991163538e-05,1.2463145624577203e-05,1832.313024128388,0.1270403861408516,0.0103830906687774,0.137423476809629,0.0047809946093353,0.0032759129011288,0.0080569075104642,0.1454803843200933,nearestNeighbors,270,False,False,False,True,-7.962750267736913,-7.962750267736913,-0.0,-7.962750267736913
1829,3Dplummer_50000000,10,96,48,4.575,2024-10-28 04:10:36.089900,2024-10-28 04:11:21.845600,1359.75809125,128.28129708333333,1522.1696,141.14078333333333,1522.1696,131.49616864583334,9563.932244444444,332.71466666666663,30.850444444444445,439.2000000000001,219.6,1.81891991163538e-05,1.2463145624577203e-05,1653.6657686458334,0.1141627199999999,0.0098622126484374,0.1240249326484374,0.0079886962519025,0.0027369067791571,0.0107256030310597,0.1347505356794972,nearestNeighbors,270,True,True,True,False,-0.0,-0.0,7.3754607473319105,-0.0
1893,3Dplummer_50000000,10,48,48,5.476,2024-10-28 05:47:35.956200,2024-10-28 05:48:30.726300,1596.6734084446884,134.5932009003663,1791.070221978022,149.98523296703297,1693.8718152113552,138.44120891703295,4809.093864468865,327.0763736263736,27.38956043956044,262.848,262.848,1.81891991163538e-05,1.2463145624577203e-05,1832.313024128388,0.1317455856275498,0.0107676495824358,0.1425132352099857,0.0047809946093353,0.0032759129011288,0.0080569075104642,0.1505701427204499,nearestNeighbors,280,False,False,False,True,-8.05638337603574,-8.05638337603574,-0.0,-8.05638337603574
1895,3Dplummer_50000000,10,96,48,4.575,2024-10-28 04:10:36.089900,2024-10-28 04:11:21.845600,1359.75809125,128.28129708333333,1522.1696,141.14078333333333,1522.1696,131.49616864583334,9563.932244444444,332.71466666666663,30.850444444444445,439.2000000000001,219.6,1.81891991163538e-05,1.2463145624577203e-05,1653.6657686458334,0.1183909688888888,0.0102274797835648,0.1286184486724537,0.0079886962519025,0.0027369067791571,0.0107256030310597,0.1393440517035134,nearestNeighbors,280,True,True,True,False,-0.0,-0.0,7.455721841068437,-0.0
1959,3Dplummer_50000000,10,48,48,5.476,2024-10-28 05:47:35.956200,2024-10-28 05:48:30.726300,1596.6734084446884,134.5932009003663,1791.070221978022,149.98523296703297,1693.8718152113552,138.44120891703295,4809.093864468865,327.0763736263736,27.38956043956044,262.848,262.848,1.81891991163538e-05,1.2463145624577203e-05,1832.313024128388,0.136450785114248,0.0111522084960943,0.1476029936103423,0.0047809946093353,0.0032759129011288,0.0080569075104642,0.1556599011208066,nearestNeighbors,290,False,False,False,True,-8.144040210174381,-8.144040210174381,-0.0,-8.144040210174381
1961,3Dplummer_50000000,10,96,48,4.575,2024-10-28 04:10:36.089900,2024-10-28 04:11:21.845600,1359.75809125,128.28129708333333,1522.1696,141.14078333333333,1522.1696,131.49616864583334,9563.932244444444,332.71466666666663,30.850444444444445,439.2000000000001,219.6,1.81891991163538e-05,1.2463145624577203e-05,1653.6657686458334,0.1226192177777777,0.0105927469186921,0.1332119646964699,0.0079886962519025,0.0027369067791571,0.0107256030310597,0.1439375677275296,nearestNeighbors,290,True,True,True,False,-0.0,-0.0,7.530734189648092,-0.0
2025,3Dplummer_50000000,10,48,48,5.476,2024-10-28 05:47:35.956200,2024-10-28 05:48:30.726300,1596.6734084446884,134.5932009003663,1791.070221978022,149.98523296703297,1693.8718152113552,138.44120891703295,4809.093864468865,327.0763736263736,27.38956043956044,262.848,262.848,1.81891991163538e-05,1.2463145624577203e-05,1832.313024128388,0.1411559846009462,0.0115367674097527,0.1526927520106989,0.0047809946093353,0.0032759129011288,0.0080569075104642,0.1607496595211632,nearestNeighbors,300,False,False,False,True,-8.22627524219505,-8.22627524219505,-0.0,-8.22627524219505
2027,3Dplummer_50000000,10,96,48,4.575,2024-10-28 04:10:36.089900,2024-10-28 04:11:21.845600,1359.75809125,128.28129708333333,1522.1696,141.14078333333333,1522.1696,131.49616864583334,9563.932244444444,332.71466666666663,30.850444444444445,439.2000000000001,219.6,1.81891991163538e-05,1.2463145624577203e-05,1653.6657686458334,0.1268474666666666,0.0109580140538194,0.1378054807204861,0.0079886962519025,0.0027369067791571,0.0107256030310597,0.1485310837515458,nearestNeighbors,300,True,True,True,False,-0.0,-0.0,7.60099636043633,-0.0
2091,3Dplummer_50000000,10,48,48,5.476,2024-10-28 05:47:35.956200,2024-10-28 05:48:30.726300,1596.6734084446884,134.5932009003663,1791.070221978022,149.98523296703297,1693.8718152113552,138.44120891703295,4809.093864468865,327.0763736263736,27.38956043956044,262.848,262.848,1.81891991163538e-05,1.2463145624577203e-05,1832.313024128388,0.1458611840876444,0.0119213263234111,0.1577825104110556,0.0047809946093353,0.0032759129011288,0.0080569075104642,0.1658394179215198,nearestNeighbors,310,False,False,False,True,-8.303576410710082,-8.303576410710082,-0.0,-8.303576410710082
2093,3Dplummer_50000000,10,96,48,4.575,2024-10-28 04:10:36.089900,2024-10-28 04:11:21.845600,1359.75809125,128.28129708333333,1522.1696,141.14078333333333,1522.1696,131.49616864583334,9563.932244444444,332.71466666666663,30.850444444444445,439.2000000000001,219.6,1.81891991163538e-05,1.2463145624577203e-05,1653.6657686458334,0.1310757155555555,0.0113232811889467,0.1423989967445023,0.0079886962519025,0.0027369067791571,0.0107256030310597,0.153124599775562,nearestNeighbors,310,True,True,True,False,-0.0,-0.0,7.666945714905261,-0.0
2157,3Dplummer_50000000,10,48,48,5.476,2024-10-28 05:47:35.956200,2024-10-28 05:48:30.726300,1596.6734084446884,134.5932009003663,1791.070221978022,149.98523296703297,1693.8718152113552,138.44120891703295,4809.093864468865,327.0763736263736,27.38956043956044,262.848,262.848,1.81891991163538e-05,1.2463145624577203e-05,1832.313024128388,0.1505663835743426,0.0123058852370695,0.1628722688114122,0.0047809946093353,0.0032759129011288,0.0080569075104642,0.1709291763218765,nearestNeighbors,320,False,False,False,True,-8.37637480978177,-8.37637480978177,-0.0,-8.37637480978177
2159,3Dplummer_50000000,10,96,48,4.575,2024-10-28 04:10:36.089900,2024-10-28 04:11:21.845600,1359.75809125,128.28129708333333,1522.1696,141.14078333333333,1522.1696,131.49616864583334,9563.932244444444,332.71466666666663,30.850444444444445,439.2000000000001,219.6,1.81891991163538e-05,1.2463145624577203e-05,1653.6657686458334,0.1353039644444444,0.011688548324074,0.1469925127685185,0.0079886962519025,0.0027369067791571,0.0107256030310597,0.1577181157995782,nearestNeighbors,320,True,True,True,False,-0.0,-0.0,7.728967521273596,-0.0
2223,3Dplummer_50000000,10,48,48,5.476,2024-10-28 05:47:35.956200,2024-10-28 05:48:30.726300,1596.6734084446884,134.5932009003663,1791.070221978022,149.98523296703297,1693.8718152113552,138.44120891703295,4809.093864468865,327.0763736263736,27.38956043956044,262.848,262.848,1.81891991163538e-05,1.2463145624577203e-05,1832.313024128388,0.1552715830610408,0.012690444150728,0.1679620272117689,0.0047809946093353,0.0032759129011288,0.0080569075104642,0.1760189347222331,nearestNeighbors,330,False,False,False,True,-8.445052732595432,-8.445052732595432,-0.0,-8.445052732595432
2225,3Dplummer_50000000,10,96,48,4.575,2024-10-28 04:10:36.089900,2024-10-28 04:11:21.845600,1359.75809125,128.28129708333333,1522.1696,141.14078333333333,1522.1696,131.49616864583334,9563.932244444444,332.71466666666663,30.850444444444445,439.2000000000001,219.6,1.81891991163538e-05,1.2463145624577203e-05,1653.6657686458334,0.1395322133333333,0.0120538154592013,0.1515860287925347,0.0079886962519025,0.0027369067791571,0.0107256030310597,0.1623116318235944,nearestNeighbors,330,True,True,True,False,-0.0,-0.0,7.787402486141348,-0.0
2289,3Dplummer_50000000,10,48,48,5.476,2024-10-28 05:47:35.956200,2024-10-28 05:48:30.726300,1596.6734084446884,134.5932009003663,1791.070221978022,149.98523296703297,1693.8718152113552,138.44120891703295,4809.093864468865,327.0763736263736,27.38956043956044,262.848,262.848,1.81891991163538e-05,1.2463145624577203e-05,1832.313024128388,0.1599767825477391,0.0130750030643864,0.1730517856121255,0.0047809946093353,0.0032759129011288,0.0080569075104642,0.1811086931225897,nearestNeighbors,340,False,False,False,True,-8.509950386879241,-8.509950386879241,-0.0,-8.509950386879241
2291,3Dplummer_50000000,10,96,48,4.575,2024-10-28 04:10:36.089900,2024-10-28 04:11:21.845600,1359.75809125,128.28129708333333,1522.1696,141.14078333333333,1522.1696,131.49616864583334,9563.932244444444,332.71466666666663,30.850444444444445,439.2000000000001,219.6,1.81891991163538e-05,1.2463145624577203e-05,1653.6657686458334,0.1437604622222222,0.0124190825943287,0.1561795448165509,0.0079886962519025,0.0027369067791571,0.0107256030310597,0.1669051478476106,nearestNeighbors,340,True,True,True,False,-0.0,-0.0,7.842553016140945,-0.0
2355,3Dplummer_50000000,10,48,48,5.476,2024-10-28 05:47:35.956200,2024-10-28 05:48:30.726300,1596.6734084446884,134.5932009003663,1791.070221978022,149.98523296703297,1693.8718152113552,138.44120891703295,4809.093864468865,327.0763736263736,27.38956043956044,262.848,262.848,1.81891991163538e-05,1.2463145624577203e-05,1832.313024128388,0.1646819820344373,0.0134595619780448,0.1781415440124821,0.0047809946093353,0.0032759129011288,0.0080569075104642,0.1861984515229464,nearestNeighbors,350,False,False,False,True,-8.57137153110589,-8.57137153110589,-0.0,-8.57137153110589
2357,3Dplummer_50000000,10,96,48,4.575,2024-10-28 04:10:36.089900,2024-10-28 04:11:21.845600,1359.75809125,128.28129708333333,1522.1696,141.14078333333333,1522.1696,131.49616864583334,9563.932244444444,332.71466666666663,30.850444444444445,439.2000000000001,219.6,1.81891991163538e-05,1.2463145624577203e-05,1653.6657686458334,0.1479887111111111,0.012784349729456,0.1607730608405671,0.0079886962519025,0.0027369067791571,0.0107256030310597,0.1714986638716268,nearestNeighbors,350,True,True,True,False,-0.0,-0.0,7.894688452609422,-0.0
2421,3Dplummer_50000000,10,48,48,5.476,2024-10-28 05:47:35.956200,2024-10-28 05:48:30.726300,1596.6734084446884,134.5932009003663,1791.070221978022,149.98523296703297,1693.8718152113552,138.44120891703295,4809.093864468865,327.0763736263736,27.38956043956044,262.848,262.848,1.81891991163538e-05,1.2463145624577203e-05,1832.313024128388,0.1693871815211355,0.0138441208917032,0.1832313024128388,0.0047809946093353,0.0032759129011288,0.0080569075104642,0.191288209923303,nearestNeighbors,360,False,False,False,True,-8.629588228543478,-8.629588228543478,-0.0,-8.629588228543478
2423,3Dplummer_50000000,10,96,48,4.575,2024-10-28 04:10:36.089900,2024-10-28 04:11:21.845600,1359.75809125,128.28129708333333,1522.1696,141.14078333333333,1522.1696,131.49616864583334,9563.932244444444,332.71466666666663,30.850444444444445,439.2000000000001,219.6,1.81891991163538e-05,1.2463145624577203e-05,1653.6657686458334,0.15221696,0.0131496168645833,0.1653665768645833,0.0079886962519025,0.0027369067791571,0.0107256030310597,0.176092179895643,nearestNeighbors,360,True,True,True,False,-0.0,-0.0,7.944049470562174,-0.0
2487,3Dplummer_50000000,10,48,48,5.476,2024-10-28 05:47:35.956200,2024-10-28 05:48:30.726300,1596.6734084446884,134.5932009003663,1791.070221978022,149.98523296703297,1693.8718152113552,138.44120891703295,4809.093864468865,327.0763736263736,27.38956043956044,262.848,262.848,1.81891991163538e-05,1.2463145624577203e-05,1832.313024128388,0.1740923810078337,0.0142286798053617,0.1883210608131954,0.0047809946093353,0.0032759129011288,0.0080569075104642,0.1963779683236596,nearestNeighbors,370,False,False,False,True,-8.684844876142215,-8.684844876142215,-0.0,-8.684844876142215
2489,3Dplummer_50000000,10,96,48,4.575,2024-10-28 04:10:36.089900,2024-10-28 04:11:21.845600,1359.75809125,128.28129708333333,1522.1696,141.14078333333333,1522.1696,131.49616864583334,9563.932244444444,332.71466666666663,30.850444444444445,439.2000000000001,219.6,1.81891991163538e-05,1.2463145624577203e-05,1653.6657686458334,0.1564452088888888,0.0135148839997106,0.1699600928885995,0.0079886962519025,0.0027369067791571,0.0107256030310597,0.1806856959196592,nearestNeighbors,370,True,True,True,False,-0.0,-0.0,7.990851793586776,-0.0
2553,3Dplummer_50000000,10,48,48,5.476,2024-10-28 05:47:35.956200,2024-10-28 05:48:30.726300,1596.6734084446884,134.5932009003663,1791.070221978022,149.98523296703297,1693.8718152113552,138.44120891703295,4809.093864468865,327.0763736263736,27.38956043956044,262.848,262.848,1.81891991163538e-05,1.2463145624577203e-05,1832.313024128388,0.1787975804945319,0.0146132387190201,0.193410819213552,0.0047809946093353,0.0032759129011288,0.0080569075104642,0.2014677267240163,nearestNeighbors,380,False,False,False,True,-8.737361634106152,-8.737361634106152,-0.0,-8.737361634106152
2555,3Dplummer_50000000,10,96,48,4.575,2024-10-28 04:10:36.089900,2024-10-28 04:11:21.845600,1359.75809125,128.28129708333333,1522.1696,141.14078333333333,1522.1696,131.49616864583334,9563.932244444444,332.71466666666663,30.850444444444445,439.2000000000001,219.6,1.81891991163538e-05,1.2463145624577203e-05,1653.6657686458334,0.1606734577777777,0.0138801511348379,0.1745536089126157,0.0079886962519025,0.0027369067791571,0.0107256030310597,0.1852792119436754,nearestNeighbors,380,True,True,True,False,-0.0,-0.0,8.035289345631524,-0.0
2619,3Dplummer_50000000,10,48,48,5.476,2024-10-28 05:47:35.956200,2024-10-28 05:48:30.726300,1596.6734084446884,134.5932009003663,1791.070221978022,149.98523296703297,1693.8718152113552,138.44120891703295,4809.093864468865,327.0763736263736,27.38956043956044,262.848,262.848,1.81891991163538e-05,1.2463145624577203e-05,1832.313024128388,0.1835027799812301,0.0149977976326785,0.1985005776139087,0.0047809946093353,0.0032759129011288,0.0080569075104642,0.2065574851243729,nearestNeighbors,390,False,False,False,True,-8.787337357643246,-8.787337357643246,-0.0,-8.787337357643246
2621,3Dplummer_50000000,10,96,48,4.575,2024-10-28 04:10:36.089900,2024-10-28 04:11:21.845600,1359.75809125,128.28129708333333,1522.1696,141.14078333333333,1522.1696,131.49616864583334,9563.932244444444,332.71466666666663,30.850444444444445,439.2000000000001,219.6,1.81891991163538e-05,1.2463145624577203e-05,1653.6657686458334,0.1649017066666666,0.0142454182699652,0.1791471249366319,0.0079886962519025,0.0027369067791571,0.0107256030310597,0.1898727279676916,nearestNeighbors,390,True,True,True,False,-0.0,-0.0,8.077536936816902,-0.0
2685,3Dplummer_50000000,10,48,48,5.476,2024-10-28 05:47:35.956200,2024-10-28 05:48:30.726300,1596.6734084446884,134.5932009003663,1791.070221978022,149.98523296703297,1693.8718152113552,138.44120891703295,4809.093864468865,327.0763736263736,27.38956043956044,262.848,262.848,1.81891991163538e-05,1.2463145624577203e-05,1832.313024128388,0.1882079794679283,0.0153823565463369,0.2035903360142653,0.0047809946093353,0.0032759129011288,0.0080569075104642,0.2116472435247295,nearestNeighbors,400,False,False,False,True,-8.834952113208036,-8.834952113208036,-0.0,-8.834952113208036
2687,3Dplummer_50000000,10,96,48,4.575,2024-10-28 04:10:36.089900,2024-10-28 04:11:21.845600,1359.75809125,128.28129708333333,1522.1696,141.14078333333333,1522.1696,131.49616864583334,9563.932244444444,332.71466666666663,30.850444444444445,439.2000000000001,219.6,1.81891991163538e-05,1.2463145624577203e-05,1653.6657686458334,0.1691299555555555,0.0146106854050925,0.1837406409606481,0.0079886962519025,0.0027369067791571,0.0107256030310597,0.1944662439917078,nearestNeighbors,400,True,True,True,False,-0.0,-0.0,8.117752561712058,-0.0
