,Unnamed: 0,memory,threads,read_file runtime,total sum column runtime,total count distinct runtime,total aggregate runtime,avg sum column runtime,avg count distinct runtime,avg aggregate runtime,rounds,start,end,total_runtime,Average CPU Dynamic Energy per Round,Average DRAM Dynamic Energy per Round,Average CPU Energy per Round Unscaled,Average DRAM Energy per Round Unscaled,Average CPU Energy per Round,Average DRAM Energy per Round,Average CPU Power,Average DRAM Power,CPU-seconds,Memory-seconds,Max Memory Usage (GiB),CPU Embodied CI (gCO2eq/CPU-s),Memory Embodied CI (gCO2eq/GiB-s),CPU Operational Carbon,Memory Operational Carbon,Total Operational Carbon,CPU Embodied Carbon,Memory Embodied Carbon,Total Embodied Carbon,Total Carbon Footprint,workload,Grid CI (gCO2eq/kWh)
0,0,1,8,4.4231,547.4798000000001,359.0668,1282.1653,182.4932666666667,179.5334,213.69421666666668,3,1730121492.2440836,1730123037.8310432,2188.7119,392524.39963194367,48689.30577429644,392524.39963194367,48689.30577429644,392524.39963194367,48689.30577429644,179.34036893203884,22.245644012944982,17509.6952,2188.7119,2.104,1.8189199116353798e-05,1.2463145624577203e-05,76.32418881732238,9.46736501166875,85.79155382899113,0.3184873324594643,0.027278235139945053,0.34576556759940935,86.13731939659054,spark,700
1,1,1,16,4.5321,326.8419,218.3177,805.2934,108.9473,109.15885,134.21556666666666,3,1730085079.872407,1730086022.864401,1350.453,304790.2392207105,33492.580556755034,304790.2392207105,33492.580556755034,304790.2392207105,33492.580556755034,225.69481442205725,24.80099681866384,21607.248,1350.453,1.922,1.8189199116353798e-05,1.2463145624577203e-05,59.26476873736036,6.512446219369034,65.7772149567294,0.39301853622843735,0.016830892398147158,0.4098494286265845,66.18706438535598,spark,700
2,2,1,24,4.4646,268.20680000000004,177.6353,676.9711,89.40226666666668,88.81765,112.82851666666666,3,1730064914.2091317,1730065694.8552144,1122.8132,271385.8912822792,28971.06771343918,271385.8912822792,28971.06771343918,271385.8912822792,28971.06771343918,241.701728553137,25.802215108834822,26947.5168,1122.8132,2.243,1.8189199116353798e-05,1.2463145624577203e-05,52.76947886044318,5.633263166502062,58.40274202694524,0.49015374876648915,0.01399378442079753,0.5041475331872867,58.90688956013253,spark,700
3,3,1,32,4.6789,256.2636,169.61739999999998,649.1659,85.4212,84.80869999999999,108.19431666666668,3,1730049691.379261,1730050438.2000673,1075.0468999999998,254777.07742244707,28169.03512732932,254777.07742244707,28169.03512732932,254777.07742244707,28169.03512732932,236.99159303882195,26.202610441767067,34401.500799999994,1075.0468999999998,2.281,1.8189199116353798e-05,1.2463145624577203e-05,49.53998727658693,5.47731238586959,55.017299662456516,0.6257357479526043,0.013398466067950284,0.6391342140205546,55.656433876477074,spark,700
4,4,1,48,4.6405,270.165,180.2106,714.3906,90.055,90.1053,119.0651,3,1730036379.051731,1730037186.051193,1164.7662,235410.4781166989,29851.16797850557,235410.4781166989,29851.16797850557,235410.4781166989,29851.16797850557,202.10964064436183,25.62846344485749,55908.7776,1164.7662,2.234,1.8189199116353798e-05,1.2463145624577203e-05,45.774259633802565,5.8043937735983056,51.57865340740087,1.016935888118341,0.014516650769185416,1.0314525388875264,52.6101059462884,spark,700
5,5,1,64,4.9673,295.0775,198.5035,872.429,98.35916666666668,99.25175,145.40483333333333,3,1730024584.4778893,1730025502.0058415,1366.01,256867.0081172301,33849.83207557252,256867.0081172301,33849.83207557252,256867.0081172301,33849.83207557252,188.0418211559433,24.780076335877865,87424.64,1366.01,2.613,1.8189199116353798e-05,1.2463145624577203e-05,49.94636268946141,6.581911792472434,56.52827448193384,1.590184184635549,0.017024781554628707,1.6072089661901776,58.13548344812402,spark,700
6,6,2,8,4.3974,504.2692,326.4726,1143.5709,168.08973333333333,163.2363,190.59515,3,1730118526.9977224,1730119930.02197,1974.3127,364899.9226535028,44982.02518529386,364899.9226535028,44982.02518529386,364899.9226535028,44982.02518529386,184.8237731811697,22.78363766048502,15794.5016,3948.6254,3.252,1.8189199116353798e-05,1.2463145624577203e-05,70.9527627381811,8.746504897140472,79.69926763532156,0.28728933454596867,0.04921229337710441,0.3365016279230731,80.03576926324463,spark,700
7,7,2,16,4.5888,293.348,192.2397,690.7388,97.78266666666669,96.11985,115.12313333333331,3,1730083277.4686651,1730084106.3832283,1176.3265,284221.01490235823,30482.819767521105,284221.01490235823,30482.819767521105,284221.01490235823,30482.819767521105,241.6174547647768,25.913570566948128,18821.224,2352.653,3.33,1.8189199116353798e-05,1.2463145624577203e-05,55.26519734212521,5.92721495479577,61.192412296920985,0.3423429909494969,0.02932145694309843,0.37166444789259534,61.56407674481358,spark,700
8,8,2,24,4.7064,220.0799,144.0946,523.461,73.35996666666666,72.0473,87.2435,3,1730063479.9237907,1730064106.4263327,887.6355,250400.34651040667,24805.34920444976,250400.34651040667,24805.34920444976,250400.34651040667,24805.34920444976,282.09816586921846,27.94542264752791,21303.252,1775.271,3.331,1.8189199116353798e-05,1.2463145624577203e-05,48.6889562659124,4.823262345309676,53.51221861122208,0.3874890924538623,0.022125460996088794,0.4096145534499511,53.92183316467203,spark,700
9,9,2,32,4.768,198.8197,130.8973,479.4583,66.27323333333334,65.44865,79.90971666666667,3,1730048350.104839,1730048919.7689073,809.1753,229901.39303026185,23397.325131010548,229901.39303026185,23397.325131010548,229901.39303026185,23397.325131010548,284.1181546572935,28.915026362038667,25893.6096,1618.3506,3.311,1.8189199116353798e-05,1.2463145624577203e-05,44.70304864477313,4.5494798865853845,49.25252853135852,0.4709840208555302,0.02016973919942189,0.4911537600549521,49.74368229141347,spark,700
10,10,2,48,4.4187,182.5429,119.3357,448.1855,60.84763333333333,59.66785,74.69758333333333,3,1730035025.3671515,1730035551.751394,750.0641,197881.31308795448,22120.71395152941,197881.31308795448,22120.71395152941,197881.31308795448,22120.71395152941,263.8192030360531,29.49176470588236,36003.0768,1500.1282,3.237,1.8189199116353798e-05,1.2463145624577203e-05,38.47692198932448,4.301249935019608,42.778171924344086,0.6548671327165779,0.018696316212134877,0.6735634489287128,43.4517353732728,spark,700
11,11,2,64,4.7101,180.5094,119.0697,444.8257,60.1698,59.53485,74.13761666666666,3,1730023108.1182818,1730023630.327042,744.4048,195461.4628923525,22314.860118436784,195461.4628923525,22314.860118436784,195461.4628923525,22314.860118436784,262.5741570881226,29.97678160919541,47641.9072,1488.8096,3.668,1.8189199116353798e-05,1.2463145624577203e-05,38.00639556240187,4.33900057858493,42.3453961409868,0.8665681363436497,0.018555250852068536,0.8851233871957183,43.23051952818252,spark,700
12,12,2,80,4.6305,187.3297,122.5162,469.8853,62.44323333333333,61.2581,78.31421666666667,3,1730012394.012101,1730012937.324853,779.7312000000001,196825.3928624089,23192.551695911603,196825.3928624089,23192.551695911603,196825.3928624089,23192.551695911603,252.4272375690608,29.74429097605893,62378.49600000001,1559.4624,3.685,1.8189199116353798e-05,1.2463145624577203e-05,38.27160416769061,4.50966282976059,42.7812669974512,1.134614884322679,0.019435806987252665,1.1540506913099318,43.93531768876113,spark,700
13,13,2,92,4.7916,197.1014,127.8493,491.0029,65.70046666666667,63.92465,81.83381666666666,3,1730001516.1087856,1730002085.8808925,815.9535999999999,199780.2839302176,23883.634675845617,199780.2839302176,23883.634675845617,199780.2839302176,23883.634675845617,244.842701754386,29.270824561403515,75067.7312,1631.9072,3.834,1.8189199116353798e-05,1.2463145624577203e-05,38.846166319764535,4.64404007585887,43.4902063956234,1.3654219100097242,0.020338697079396038,1.3857606070891202,44.87596700271252,spark,700
14,14,3,8,4.7159,506.8887,331.0051,1161.5472,168.9629,165.50255,193.5912,3,1730115696.3470454,1730117114.5286047,1999.441,374548.7117295346,45724.40968439351,374548.7117295346,45724.40968439351,374548.7117295346,45724.40968439351,187.3267136812412,22.86859661495064,15995.528,5998.323,4.062,1.8189199116353798e-05,1.2463145624577203e-05,72.82891616963173,8.890857438632072,81.7197736082638,0.2909458437632124,0.0747579730522508,0.3657038168154632,82.08547742507926,spark,700
15,15,3,16,4.4121,275.1517,181.4391,643.5431000000001,91.71723333333334,90.71955,107.25718333333334,3,1730081655.7972536,1730082433.6636393,1100.1339,277922.16077927506,29063.034762674808,277922.16077927506,29063.034762674808,277922.16077927506,29063.034762674808,252.6257583547558,26.417724935732647,17602.1424,3300.4017000000003,4.218,1.8189199116353798e-05,1.2463145624577203e-05,54.0404201515257,5.651145648297879,59.69156579982358,0.3201688729880137,0.04113338700670217,0.3613022599947159,60.052868059818294,spark,700
16,16,3,24,4.7919,200.72860000000003,133.16809999999998,476.3914,66.90953333333334,66.58404999999999,79.39856666666667,3,1730062274.914371,1730062845.1179583,810.2881,242554.312383172,23529.600746382457,242554.312383172,23529.600746382457,242554.312383172,23529.600746382457,299.34329824561405,29.038561403508773,19446.9144,2430.8643,4.344,1.8189199116353798e-05,1.2463145624577203e-05,47.163338518950106,4.575200145129922,51.738538664080025,0.353723798220288,0.030296215764485927,0.3840200139847739,52.1225586780648,spark,700
17,17,3,32,4.4487,175.728,115.1104,420.2894,58.576,57.5552,70.04823333333333,3,1730047269.931237,1730047770.1052375,711.1278,218362.998364128,21628.326244536,218362.998364128,21628.326244536,218362.998364128,21628.326244536,307.06576,30.41412,22756.0896,2133.3834,4.292,1.8189199116353798e-05,1.2463145624577203e-05,42.459471904135995,4.205507880882,46.664979785018,0.41391504484398783,0.02658866798725564,0.44050371283124345,47.10548349784924,spark,700
18,18,3,48,4.5059,159.6703,103.5968,383.4788,53.22343333333333,51.7984,63.91313333333333,3,1730034023.5742412,1730034478.7436802,646.7459,189341.81296665053,20340.684480237363,189341.81296665053,20340.684480237363,189341.81296665053,20340.684480237363,292.7607472527472,31.45081318681319,31043.8032,1940.2377,4.637,1.8189199116353798e-05,1.2463145624577203e-05,36.816463632404265,3.9551330933794873,40.77159672578375,0.5646619177337012,0.024181465001394734,0.588843382735096,41.36044010851885,spark,700
19,19,3,64,4.831,155.50979999999998,100.049,374.6515,51.8366,50.0245,62.44191666666666,3,1730022133.6960714,1730022575.7861428,630.2103,182112.48349151813,20138.313103893663,182112.48349151813,20138.313103893663,182112.48349151813,20138.313103893663,288.9709728506788,31.95490950226244,40333.4592,1890.6309,4.665,1.8189199116353798e-05,1.2463145624577203e-05,35.4107606789063,3.9157831035348787,39.32654378244118,0.733633320440132,0.02356320822902546,0.7571965286691574,40.08374031111033,spark,700
20,20,3,80,4.8647,157.7682,102.9221,383.6312,52.589400000000005,51.46105,63.93853333333334,3,1730011385.5758078,1730011837.6674955,644.3215,182171.71187118365,20445.00543022124,182171.71187118365,20445.00543022124,182171.71187118365,20445.00543022124,282.73418141592924,31.731061946902653,51545.72,1932.9645,4.8,1.8189199116353798e-05,1.2463145624577203e-05,35.42227730828571,3.975417722543019,39.39769503082873,0.9375753646758204,0.024090818050638063,0.9616661827264584,40.35936121355519,spark,700
21,21,3,92,5.0882,169.0078,106.1737,406.4957,56.33593333333334,53.08685,67.74928333333334,3,1730000452.689611,1730000928.614044,681.6772000000001,187914.9463245883,21476.225865050423,187914.9463245883,21476.225865050423,187914.9463245883,21476.225865050423,275.66558823529414,31.50497899159664,62714.30240000001,2045.0316000000005,4.858,1.8189199116353798e-05,1.2463145624577203e-05,36.539017340892165,4.175932807093138,40.714950147985306,1.140722933796825,0.025487526637662124,1.1662104604344872,41.88116060841979,spark,700
22,22,4,8,4.4428,496.0052,323.8781,1127.5406,165.33506666666668,161.93905,187.9234333333333,3,1730112883.6795137,1730114267.9166503,1947.4239,367923.74402391975,44889.07772177168,367923.74402391975,44889.07772177168,367923.74402391975,44889.07772177168,188.92843208092484,23.05049132947977,15579.3912,7789.6956,5.05,1.8189199116353798e-05,1.2463145624577203e-05,71.54072800465106,8.728431779233382,80.26915978388445,0.28337664864837014,0.0970841106339283,0.38046075928229844,80.64962054316675,spark,700
23,23,4,16,4.5484,271.8129,179.4428,633.2885000000001,90.6043,89.7214,105.54808333333337,3,1730080097.149958,1730080861.422136,1084.5442000000005,279244.8207367986,28882.00826139792,279244.8207367986,28882.00826139792,279244.8207367986,28882.00826139792,257.4766623036649,26.63054973821989,17352.707200000008,4338.176800000002,5.073,1.8189199116353798e-05,1.2463145624577203e-05,54.29760403215528,5.6159460508273735,59.91355008298265,0.31563184646858633,0.05406732920356236,0.3696991756721487,60.2832492586548,spark,700
24,24,4,24,4.701,201.4426,130.8831,469.1662,67.14753333333333,65.44155,78.19436666666667,3,1730061121.4636147,1730061685.533981,801.4919,247316.8387518759,23477.50252885993,247316.8387518759,23477.50252885993,247316.8387518759,23477.50252885993,308.57060283687946,29.29225177304965,19235.8056,3205.9676,5.453,1.8189199116353798e-05,1.2463145624577203e-05,48.089385312864756,4.565069936167209,52.65445524903197,0.34988389822187344,0.03995644106647628,0.3898403392883497,53.04429558832032,spark,700
25,25,4,32,4.7723,168.6036,109.3313,395.8566,56.2012,54.66565,65.9761,3,1730046285.4014971,1730046759.964827,673.7915,213609.04880272155,20940.913864609705,213609.04880272155,20940.913864609705,213609.04880272155,20940.913864609705,317.0254430379747,31.0792194092827,21561.328,2695.166,5.392,1.8189199116353798e-05,1.2463145624577203e-05,41.53509282275141,4.071844362562998,45.60693718531441,0.3921832882050144,0.03359024634040925,0.42577353454542366,46.03271071985983,spark,700
26,26,4,48,4.6998,149.1913,96.3835,355.5984,49.73043333333334,48.19175,59.2664,3,1730033137.0903263,1730033557.4487686,601.1732,185733.29033156188,19443.45853464762,185733.29033156188,19443.45853464762,185733.29033156188,19443.45853464762,308.95138095238093,32.34252380952381,28856.3136,2404.6928,5.281,1.8189199116353798e-05,1.2463145624577203e-05,36.11480645335925,3.780672492848148,39.8954789462074,0.5248732338343481,0.0299700365487723,0.5548432703831204,40.45032221659052,spark,700
27,27,4,64,4.8346,143.3165,91.6422,340.1869,47.77216666666666,45.8211,56.69781666666666,3,1730021271.594936,1730021675.893327,575.1456,175622.73972100738,19044.87435899259,175622.73972100738,19044.87435899259,175622.73972100738,19044.87435899259,305.3535308641975,33.11313580246914,36809.3184,2300.5824,5.674,1.8189199116353798e-05,1.2463145624577203e-05,34.148866056862545,3.7031700142485593,37.8520360711111,0.6695320217148656,0.02867249347253932,0.6982045151874049,38.55024058629851,spark,700
28,28,4,80,4.7696,148.1825,94.3529,348.164,49.39416666666667,47.17645,58.02733333333333,3,1730010503.2613912,1730010919.6857233,590.6994,177874.0302363894,19334.75572139423,177874.0302363894,19334.75572139423,177874.0302363894,19334.75572139423,301.1244471153846,32.73197115384615,47255.952,2362.7976,5.919,1.8189199116353798e-05,1.2463145624577203e-05,34.58661699040905,3.7595358347155448,38.34615282512459,0.8595479203608575,0.029447890570201515,0.888995810931059,39.23514863605565,spark,700
29,29,4,92,4.7999,150.2713,96.217,361.3576,50.09043333333333,48.1085,60.22626666666667,3,1729999536.1496432,1729999960.2710774,607.8459,177331.72997101417,19996.022719733493,177331.72997101417,19996.022719733493,177331.72997101417,19996.022719733493,291.7379716981132,32.89653301886793,55921.8228,2431.3836,5.947,1.8189199116353798e-05,1.2463145624577203e-05,34.48116971658609,3.888115528837068,38.36928524542316,1.0171731698586537,0.03030268787600877,1.0474758577346626,39.41676110315782,spark,700
30,30,6,8,4.4308,467.9945,308.558,1085.6357999999998,155.99816666666666,154.279,180.9393,3,1730110195.052129,1730111514.839482,1862.1883,356327.4017048522,43370.25256153829,356327.4017048522,43370.25256153829,356327.4017048522,43370.25256153829,191.3487490523124,23.289939347990902,14897.5064,11173.1298,6.005,1.8189199116353798e-05,1.2463145624577203e-05,69.28588366483237,8.433104664743556,77.71898832957592,0.27097371024675504,0.13925234377970316,0.4102260540264582,78.12921438360237,spark,700
31,31,6,16,4.4236,255.79450000000003,174.0999,612.8192,85.26483333333334,87.04995,102.13653333333332,3,1730078579.58032,1730079311.4715192,1042.7136,271277.0631004104,28280.57525581396,271277.0631004104,28280.57525581396,271277.0631004104,28280.57525581396,260.1645006839945,27.12209302325581,16683.4176,6256.2816,7.251,1.8189199116353798e-05,1.2463145624577203e-05,52.748317825079795,5.499000744186048,58.24731856926584,0.3034580046676814,0.07797294864916286,0.3814309533168443,58.62874952258269,spark,700
32,32,6,24,4.7234,194.6908,130.1323,455.8835,64.89693333333334,65.06615,75.98058333333333,3,1730059994.7766137,1730060546.5850585,780.7066,248054.60103653988,23156.889214840576,248054.60103653988,23156.889214840576,248054.60103653988,23156.889214840576,317.73088768115946,29.661449275362315,18736.9584,4684.2396,7.462,1.8189199116353798e-05,1.2463145624577203e-05,48.23283909043831,4.502728458441223,52.73556754887954,0.34081026717243784,0.05838036027521127,0.3991906274476491,53.13475817632719,spark,700
33,33,6,32,4.5838,166.54000000000002,108.1011,388.5678,55.51333333333334,54.05055,64.76129999999999,3,1730045329.3751445,1730045798.4010262,663.2089000000001,213776.18317952243,20816.967815993605,213776.18317952243,20816.967815993605,213776.18317952243,20816.967815993605,322.3361194029851,31.38825159914712,21222.684800000003,3979.253400000001,7.17,1.8189199116353798e-05,1.2463145624577203e-05,41.567591173796025,4.047743741998756,45.61533491579478,0.3860236396108152,0.04959401460129397,0.4356176542121092,46.05095257000689,spark,700
34,34,6,48,4.7919,137.74200000000002,91.5856,324.5688,45.91400000000001,45.7928,54.0948,3,1730032308.2739449,1730032698.818471,553.8964000000001,177083.96562641434,18643.64284265985,177083.96562641434,18643.64284265985,177083.96562641434,18643.64284265985,319.7059335038363,33.65907928388747,26587.027200000004,3323.3784000000005,7.505,1.8189199116353798e-05,1.2463145624577203e-05,34.432993316247234,3.6251527749616375,38.05814609120887,0.4835967316527145,0.04141974896477439,0.5250164806174888,38.58316257182636,spark,700
35,35,6,64,5.0049,136.2662,87.32910000000001,316.8827,45.422066666666666,43.664550000000006,52.81378333333333,3,1730020473.3227758,1730020854.5702708,540.4780000000001,172858.62460104987,18342.0642839895,172858.62460104987,18342.0642839895,172858.62460104987,18342.0642839895,319.8254593175853,33.936745406824144,34590.592000000004,3242.8680000000004,7.566,1.8189199116353798e-05,1.2463145624577203e-05,33.61139922798192,3.566512499664625,37.177911727646546,0.6291751654405549,0.04041633612528143,0.6695915015658362,37.84750322921238,spark,700
36,36,6,80,4.7008,131.1856,83.0127,307.7278,43.72853333333333,41.50635,51.28796666666667,3,1730009708.2954297,1730010075.6540072,521.9261,165265.03464455978,18082.214831146743,165265.03464455978,18082.214831146743,165265.03464455978,18082.214831146743,316.6445108695652,34.64516304347826,41754.088,3131.5566,7.86,1.8189199116353798e-05,1.2463145624577203e-05,32.13486784755329,3.515986217167422,35.65085406472071,0.7594734205537588,0.03902904593740586,0.7985024664911646,36.449356531211876,spark,700
37,37,6,92,4.8821,132.2212,84.7789,316.9239,44.07373333333334,42.38945,52.82065,3,1729998721.1011162,1729999095.082556,533.924,166733.64395957216,18586.922315080214,166733.64395957216,18586.922315080214,166733.64395957216,18586.922315080214,312.27973262032083,34.81192513368984,49121.008,3203.544,7.732,1.8189199116353798e-05,1.2463145624577203e-05,32.420430769916806,3.6141237834878193,36.034554553404625,0.8934717953080079,0.039926235386740554,0.9333980306947485,36.96795258409937,spark,700
38,38,8,8,4.7542,510.14420000000007,335.0025,1203.4796,170.0480666666667,167.50125,200.5799333333333,3,1730107417.483905,1730108868.516966,2048.6263,392034.1285952627,46960.15205043932,392034.1285952627,46960.15205043932,392034.1285952627,46960.15205043932,191.36439310344824,22.92275172413793,16389.0104,16389.0104,6.029,1.8189199116353798e-05,1.2463145624577203e-05,76.22885833796775,9.131140676474311,85.35999901444207,0.29810297348559317,0.20425862325791028,0.5023615967435034,85.86236061118557,spark,700
39,39,8,16,4.7641,268.3062,175.6898,612.9968,89.4354,87.8449,102.16613333333332,3,1730077069.1759405,1730077820.1661985,1056.9928,276552.806596538,28451.614249853534,276552.806596538,28451.614249853534,276552.806596538,28451.614249853534,261.6411451398136,26.917509986684426,16911.8848,8455.9424,9.153,1.8189199116353798e-05,1.2463145624577203e-05,53.77415683821572,5.532258326360409,59.30641516457612,0.3076136400600372,0.10538764152423685,0.41300128158427407,59.719416446160395,spark,700
40,40,8,24,4.4221,194.6011,128.0705,448.1595,64.86703333333334,64.03525,74.69324999999999,3,1730058883.0060005,1730059427.5665207,770.8311,246684.99606247057,23064.371747768382,246684.99606247057,23064.371747768382,246684.99606247057,23064.371747768382,320.0247058823529,29.92143382352941,18499.9464,6166.6488,9.37,1.8189199116353798e-05,1.2463145624577203e-05,47.966527012147054,4.484738950954963,52.45126596310202,0.33649920871147265,0.07685584201002427,0.4133550507214969,52.864621013823516,spark,700
41,41,8,32,4.5013,166.4974,107.4509,381.8164,55.49913333333333,53.72545,63.636066666666665,3,1730044384.70272,1730044848.9094782,655.7647,211791.6326488641,20810.085041523707,211791.6326488641,20810.085041523707,211791.6326488641,20810.085041523707,322.9689439655172,31.73407327586207,20984.4704,5246.1176,9.105,1.8189199116353798e-05,1.2463145624577203e-05,41.181706348390236,4.046405424740721,45.228111773130955,0.3816907104568324,0.06538312761245746,0.44707383806928985,45.67518561120024,spark,700
42,42,8,48,4.5434,132.2271,84.193,302.5472,44.075700000000005,42.0965,50.42453333333333,3,1730031524.6774726,1730031892.429678,518.9673,167182.18496835328,18006.092261274458,167182.18496835328,18006.092261274458,167182.18496835328,18006.092261274458,322.1439673913044,34.69600543478261,24910.4304,4151.7384,8.777,1.8189199116353798e-05,1.2463145624577203e-05,32.507647077179804,3.501184606358922,36.00883168353872,0.4531007786196728,0.05174372027434916,0.5048444988940219,36.51367618243275,spark,700
43,43,8,64,4.7584,127.5771,82.1457,298.04,42.5257,41.07285,49.673333333333325,3,1730019721.8958402,1730020080.5364351,507.7628,163770.82083181007,17900.43998144134,163770.82083181007,17900.43998144134,163770.82083181007,17900.43998144134,322.53410614525137,35.25354748603352,32496.8192,4062.1024,9.018,1.8189199116353798e-05,1.2463145624577203e-05,31.844326272851955,3.480641107502483,35.32496738035444,0.5910911150769492,0.05062657375314456,0.6417176888300938,35.96668506918453,spark,700
44,44,8,80,4.7698,127.8345,83.391,299.7761,42.6115,41.6955,49.96268333333333,3,1730008967.768907,1730009327.1061249,511.0016,164057.80384944845,18054.127782863507,164057.80384944845,18054.127782863507,164057.80384944845,18054.127782863507,321.05144846796657,35.3308635097493,40880.128,4088.0128,9.3,1.8189199116353798e-05,1.2463145624577203e-05,31.90012852628164,3.510524846667904,35.41065337294955,0.74357678809403,0.0509494988415356,0.7945262869355656,36.20517965988511,spark,700
45,45,8,92,4.4582,130.8117,82.5917,302.9383,43.6039,41.29585,50.48971666666667,3,1729997964.9359276,1729998329.5896802,516.3417000000001,164814.92304490384,18327.09471473077,164814.92304490384,18327.09471473077,164814.92304490384,18327.09471473077,319.1973901098901,35.49412087912088,47503.436400000006,4130.7336000000005,9.231,1.8189199116353798e-05,1.2463145624577203e-05,32.04734614762019,3.5636017500865385,35.61094789770673,0.8640494633906489,0.051481934393134046,0.915531397783783,36.52647929549051,spark,700
46,46,12,8,4.4187,467.2431,307.8217,1079.0096,155.7477,153.91084999999998,179.83493333333334,3,1730104663.6929789,1730105972.639321,1854.0744,355371.26176301297,43246.05167314286,355371.26176301297,43246.05167314286,355371.26176301297,43246.05167314286,191.67044308632543,23.324873949579832,14832.5952,22248.8928,7.174,1.8189199116353798e-05,1.2463145624577203e-05,69.0999675650303,8.408954492,77.5089220570303,0.26979302750507356,0.27729119095200727,0.5470842184570808,78.05600627548739,spark,700
47,47,12,16,4.4548,240.9112,158.4026,574.4277999999999,80.30373333333334,79.2013,95.73796666666664,3,1730075633.3934717,1730076325.2748594,973.7416,259926.25652930827,26569.56120963241,259926.25652930827,26569.56120963241,259926.25652930827,26569.56120963241,266.93555716353114,27.28604920405209,15579.8656,11684.8992,9.221,1.8189199116353798e-05,1.2463145624577203e-05,50.541216547365494,5.166303568539635,55.707520115905126,0.28338527760443094,0.14563060033810565,0.4290158779425366,56.136535993847666,spark,700
48,48,12,24,4.7343,190.9857,123.4648,440.0149,63.6619,61.7324,73.33581666666667,3,1730057788.0928493,1730058321.09963,754.4654,243203.1390262927,22762.26358321952,243203.1390262927,22762.26358321952,243203.1390262927,22762.26358321952,322.3516135084428,30.17005628517824,18107.1696,9053.5848,10.91,1.8189199116353798e-05,1.2463145624577203e-05,47.28949925511247,4.425995696737129,51.71549495184959,0.3293549132879884,0.11283614578685869,0.44219105907484707,52.15768601092444,spark,700
49,49,12,32,4.7125,162.6677,104.7963,375.7166,54.222566666666665,52.39815,62.619433333333326,3,1730043455.4740517,1730043907.8412356,643.1805999999999,207776.4544050905,20680.556406052976,207776.4544050905,20680.556406052976,207776.4544050905,20680.556406052976,323.0452759381899,32.1535761589404,20581.7792,7718.167199999999,10.89,1.8189199116353798e-05,1.2463145624577203e-05,40.40097724543426,4.021219301176967,44.42219654661123,0.374366080037629,0.09619264176843527,0.4705587218060643,44.8927552684173,spark,700
50,50,12,48,4.7946,129.3924,83.8116,299.76460000000003,43.1308,41.9058,49.96076666666667,3,1730030782.8385744,1730031144.852699,512.9686,165519.88991087294,18069.77238790608,165519.88991087294,18069.77238790608,165519.88991087294,18069.77238790608,322.67060773480665,35.22588397790055,24622.4928,6155.6232,10.7,1.8189199116353798e-05,1.2463145624577203e-05,32.18442303822529,3.51356685320396,35.69798989142925,0.44786342428018777,0.07671842835162593,0.5245818526318137,36.222571744061064,spark,700
51,51,12,64,4.8423,123.1104,79.5315,289.132,41.0368,39.76575,48.18866666666667,3,1730019005.0230489,1730019350.1401489,491.7739,158922.65132611594,17743.330600843477,158922.65132611594,17743.330600843477,158922.65132611594,17743.330600843477,323.1620289855072,36.080260869565215,31473.5296,5901.2868,10.72,1.8189199116353798e-05,1.2463145624577203e-05,30.901626646744766,3.4500920612751202,34.35171870801989,0.5724782967888551,0.0735485967607952,0.6460268935496503,34.99774560156954,spark,700
52,52,12,80,4.7498,124.5446,80.7152,288.6843,41.51486666666666,40.3576,48.11405,3,1730008243.6382473,1730008592.118338,493.9441,159442.38768978446,17734.46677106897,159442.38768978446,17734.46677106897,159442.38768978446,17734.46677106897,322.7943965517241,35.90379310344828,39515.528,5927.3292,11.52,1.8189199116353798e-05,1.2463145624577203e-05,31.002686495235867,3.4483685388189658,34.45105503405483,0.7187558069798538,0.0738731669844087,0.7926289739642625,35.243684008019095,spark,700
53,53,12,92,4.796,122.4429,78.8874,282.1171,40.8143,39.4437,47.01951666666667,3,1729997247.5626318,1729997589.307075,483.4474,155502.5242448889,17630.13926333333,155502.5242448889,17630.13926333333,155502.5242448889,17630.13926333333,321.6534502923976,36.46754385964912,44477.1608,5801.3688,11.77,1.8189199116353798e-05,1.2463145624577203e-05,30.236601936506172,3.4280826345370365,33.66468457104321,0.8090039339212858,0.0723033041762787,0.8813072380975645,34.54599180914077,spark,700
54,54,16,8,4.3119,441.309,287.9411,1017.4894,147.10299999999998,143.97055,169.58156666666667,3,1730102098.568985,1730103337.4171405,1746.7395,337928.79510455567,40952.43456179321,337928.79510455567,40952.43456179321,337928.79510455567,40952.43456179321,193.46261712439417,23.44507269789984,13973.916,27947.832,9.094,1.8189199116353798e-05,1.2463145624577203e-05,65.70837682588582,7.962973387015347,73.67135021290117,0.2541743405592022,0.34831790010721875,0.6024922406664209,74.2738424535676,spark,700
55,55,16,16,4.6199,235.514,158.0039,557.0523000000001,78.50466666666667,79.00195,92.84205,3,1730074270.9992857,1730074940.7048066,950.5702,256475.9703707612,25995.62632500298,256475.9703707612,25995.62632500298,256475.9703707612,25995.62632500298,269.81276119402986,27.347402985074623,15209.1232,15209.1232,9.349,1.8189199116353798e-05,1.2463145624577203e-05,49.87032757209246,5.054705118750579,54.92503269084304,0.27664177026995607,0.18955351726373565,0.4661952875336917,55.39122797837673,spark,700
56,56,16,24,4.7338,189.1604,120.7582,430.7025,63.05346666666667,60.3791,71.78375,3,1730056713.98741,1730057240.4525542,740.6211000000001,239059.10076315404,22372.54420235932,239059.10076315404,22372.54420235932,239059.10076315404,22372.54420235932,322.7819201520913,30.207813688212923,17774.9064,11849.9376,12.5,1.8189199116353798e-05,1.2463145624577203e-05,46.48371403727995,4.350216928236534,50.83393096551649,0.32331131178415146,0.14768749795095287,0.47099880973510433,51.304929775251594,spark,700
57,57,16,32,4.9176,159.6664,102.4877,369.7517,53.22213333333334,51.24385,61.625283333333336,3,1730042540.9691572,1730042987.044536,631.9058,205010.0912963632,20476.12819296861,205010.0912963632,20476.12819296861,205010.0912963632,20476.12819296861,324.4314125560538,32.403766816143495,20220.9856,10110.4928,13.25,1.8189199116353798e-05,1.2463145624577203e-05,39.86307330762618,3.981469370855007,43.84454267848119,0.36780353340732286,0.1260085441026393,0.49381207750996214,44.338354755991155,spark,700
58,58,16,48,4.7008,128.1915,84.1792,296.2472,42.7305,42.0896,49.37453333333334,3,1730030047.243708,1730030408.1811447,508.6179,164075.3583220471,17981.079857127424,164075.3583220471,17981.079857127424,164075.3583220471,17981.079857127424,322.5906094182825,35.352825484764544,24413.6592,8137.8864,12.83,1.8189199116353798e-05,1.2463145624577203e-05,31.9035418959536,3.4963210833303324,35.39986297928393,0.44406490834760276,0.10142366327946634,0.5454885716270691,35.945351550911,spark,700
59,59,16,64,4.7716,122.9552,80.5841,290.4762,40.98506666666667,40.29205,48.4127,3,1730018293.2071116,1730018639.5270388,494.0155,159811.17294697976,17806.36036036127,159811.17294697976,17806.36036036127,159811.17294697976,17806.36036036127,323.49424855491327,36.04413294797688,31616.992,7904.248,12.51,1.8189199116353798e-05,1.2463145624577203e-05,31.074394739690508,3.462347847848024,34.536742587538534,0.5750877629481651,0.09851179387677311,0.6735995568249382,35.21034214436347,spark,700
60,60,16,80,4.9292,120.7738,77.7377,280.3238,40.25793333333333,38.86885,46.72063333333333,3,1730007542.5217297,1730007881.1315808,478.8353,154155.15981091125,17582.13804648225,154155.15981091125,17582.13804648225,154155.15981091125,17582.13804648225,321.93775147928994,36.71855029585799,38306.824,7661.3648,13.87,1.8189199116353798e-05,1.2463145624577203e-05,29.974614407677187,3.418749064593771,33.393363472270956,0.6967704492511205,0.0954847051854098,0.7922551544365304,34.18561862670749,spark,700
61,61,16,92,4.7752,118.4151,77.4789,274.9587,39.4717,38.73945,45.82645,3,1729996559.9073155,1729996891.7411432,470.8527,152188.4140369699,17513.536364222895,152188.4140369699,17513.536364222895,152188.4140369699,17513.536364222895,323.21873493975903,37.195361445783135,43318.4484,7533.6432,12.81,1.8189199116353798e-05,1.2463145624577203e-05,29.592191618299697,3.405409848598896,32.997601466898594,0.7879278833590976,0.09389289228520581,0.8818207756443034,33.879422242542894,spark,700
62,62,24,8,4.6082,430.8801,280.1186,992.7698,143.6267,140.0593,165.46163333333334,3,1730099652.9522722,1730100860.6233048,1703.7685,328402.7605712997,40211.84203303808,328402.7605712997,40211.84203303808,328402.7605712997,40211.84203303808,192.75081125827816,23.601705298013247,13630.148,40890.444,11.65,1.8189199116353798e-05,1.2463145624577203e-05,63.85609233330827,7.818969284201849,71.67506161751012,0.24792147595737146,0.5096235582256192,0.7575450341829907,72.43260665169312,spark,700
63,63,24,16,4.5679,235.7585,155.8904,558.1453,78.58616666666666,77.9452,93.02421666666667,3,1730072915.573587,1730073585.6892245,949.7942,256076.608476009,26065.032118205967,256076.608476009,26065.032118205967,256076.608476009,26065.032118205967,269.6127313432836,27.442820895522384,15196.7072,22795.0608,11.96,1.8189199116353798e-05,1.2463145624577203e-05,49.79267387033508,5.06820068965116,54.86087455998624,0.2764159331737274,0.2840981622714913,0.5605140954452188,55.421388655431464,spark,700
64,64,24,24,4.4597,168.0191,110.373,394.8684,56.00636666666667,55.1865,65.8114,3,1730055722.8337822,1730056198.27727,673.2605000000001,218143.88424379204,20640.526211134456,218143.88424379204,20640.526211134456,218143.88424379204,20640.526211134456,324.01111344537816,30.657563025210084,16158.252000000002,16158.252000000002,14.01,1.8189199116353798e-05,1.2463145624577203e-05,42.41686638073734,4.013435652165033,46.430302032902375,0.29390566300022203,0.20138264771461586,0.4952883107148379,46.925590343617216,spark,700
65,65,24,32,4.5721,149.276,97.2055,350.1256,49.75866666666667,48.60275,58.35426666666666,3,1730041658.959178,1730042083.882226,596.6071,193945.66925949763,19496.0928506816,193945.66925949763,19496.0928506816,193945.66925949763,19496.0928506816,325.0810613207547,32.67827830188679,19091.4272,14318.5704,14.4,1.8189199116353798e-05,1.2463145624577203e-05,37.711657911568985,3.790906943188089,41.502564854757075,0.3472577707561728,0.17845442803096068,0.5257121987871335,42.02827705354421,spark,700
66,66,24,48,4.482,122.8249,78.3373,288.745,40.941633333333336,39.16865,48.12416666666667,3,1730029322.253067,1730029668.7080824,489.9072,157629.2652117579,17508.69035674928,157629.2652117579,17508.69035674928,157629.2652117579,17508.69035674928,321.7533141210374,35.73878962536023,23515.5456,11757.7728,17.49,1.8189199116353798e-05,1.2463145624577203e-05,30.650134902286258,3.4044675693679154,34.05460247165417,0.42772894124809746,0.14653883462709286,0.5742677758751903,34.62887024752936,spark,700
67,67,24,64,4.6352,113.2813,75.0272,266.70739999999995,37.76043333333333,37.5136,44.45123333333333,3,1730017607.704836,1730017927.3320544,455.01589999999993,147488.967579975,16970.088156190624,147488.967579975,16970.088156190624,147488.967579975,16970.088156190624,324.14025000000004,37.29559375,29121.0176,10920.3816,15.65,1.8189199116353798e-05,1.2463145624577203e-05,28.678410362772915,3.299739363703732,31.978149726476648,0.5296879875972433,0.13610230615675342,0.6657902937539968,32.643940020230644,spark,700
68,68,24,80,4.7008,115.2519,74.52449999999999,270.0805,38.4173,37.26225,45.01341666666666,3,1730006867.7885027,1730007190.508353,459.8569,148516.7369442941,17250.656024572756,148516.7369442941,17250.656024572756,148516.7369442941,17250.656024572756,322.96294117647057,37.5130959752322,36788.552,11036.5656,16.52,1.8189199116353798e-05,1.2463145624577203e-05,28.878254405834962,3.354294227000258,32.23254863283522,0.6691542975303358,0.13755032426799926,0.8067046217983351,33.03925325463355,spark,700
69,69,24,92,4.5626,116.7349,74.7147,268.6257,38.91163333333333,37.35735,44.77095,3,1729995885.657753,1729996210.698511,460.0753,148478.88413897538,17249.270553067694,148478.88413897538,17249.270553067694,148478.88413897538,17249.270553067694,322.72735384615385,37.49227692307692,42326.9276,11041.8072,16.64,1.8189199116353798e-05,1.2463145624577203e-05,28.8708941381341,3.3540248297631625,32.22491896789727,0.7698929140998912,0.13761565109210505,0.9075085651919963,33.13242753308926,spark,700
70,70,32,8,4.4573,451.8428,287.3824,1044.2537,150.61426666666668,143.69119999999998,174.04228333333333,3,1730097183.4530506,1730098443.292952,1783.4789,346843.4320731611,42660.956833944445,346843.4320731611,42660.956833944445,346843.4320731611,42660.956833944445,194.47576984126985,23.920079365079363,14267.8312,57071.3248,14.55,1.8189199116353798e-05,1.2463145624577203e-05,67.44177845867021,8.295186051044753,75.73696450971497,0.25952042265532516,0.7112882319699445,0.9708086546252697,76.70777316434024,spark,700
71,71,32,16,4.6508,226.8048,148.951,537.1098,75.6016,74.4755,89.5183,3,1730071585.6560173,1730072228.0532603,912.8656,249778.55521455675,26365.219574270603,249778.55521455675,26365.219574270603,249778.55521455675,26365.219574270603,273.62029548989113,28.88181959564541,14605.8496,29211.6992,15.63,1.8189199116353798e-05,1.2463145624577203e-05,48.568052402830475,5.126570472774839,53.69462287560531,0.2656687066379165,0.3640696610709454,0.6297383677088619,54.32436124331417,spark,700
72,72,32,24,4.5264,165.0405,109.5337,398.5185,55.0135,54.766850000000005,66.41975000000001,3,1730054760.4912071,1730055233.6703565,673.0927,218417.89809609723,21824.027562080337,218417.89809609723,21824.027562080337,218417.89809609723,21824.027562080337,324.49898520084565,32.42350951374207,16154.2248,21538.9664,15.52,1.8189199116353798e-05,1.2463145624577203e-05,42.4701468520189,4.243560914848954,46.713707766867856,0.29383241145754063,0.26844327484607544,0.562275686303616,47.27598345317147,spark,700
73,73,32,32,4.7585,152.5492,96.443,351.6269,50.84973333333334,48.221500000000006,58.60448333333333,3,1730040812.715582,1730041236.2015522,600.6191,194920.1802369456,20796.613825413715,194920.1802369456,20796.613825413715,194920.1802369456,20796.613825413715,324.5321040189125,34.625295508274235,19219.8112,19219.8112,19.32,1.8189199116353798e-05,1.2463145624577203e-05,37.90114615718387,4.043786021608222,41.94493217879209,0.3495929728955268,0.23953930586247993,0.5891322787580068,42.534064457550095,spark,700
74,74,32,48,4.4926,125.3467,80.1916,296.4214,41.78223333333333,40.0958,49.40356666666667,3,1730028617.2530138,1730028967.843999,501.9597,162672.56109408857,18897.09038372572,162672.56109408857,18897.09038372572,162672.56109408857,18897.09038372572,324.07494285714284,37.64662857142857,24094.0656,16062.7104,18.52,1.8189199116353798e-05,1.2463145624577203e-05,31.630775768295,3.674434241280001,35.305210009575,0.43825175672089045,0.20019189884061075,0.6384436555615012,35.9436536651365,spark,700
75,75,32,64,4.8942,120.0546,76.58160000000001,282.6078,40.0182,38.2908,47.1013,3,1730016933.6085212,1730017270.16511,479.244,155272.1748307143,18494.91027928572,155272.1748307143,18494.91027928572,155272.1748307143,18494.91027928572,323.9939880952381,38.59184523809524,30671.616,15335.808,19.87,1.8189199116353798e-05,1.2463145624577203e-05,30.19181177263889,3.596232554305556,33.788044326944444,0.5578921306443431,0.19113240837455608,0.7490245390188992,34.53706886596334,spark,700
76,76,32,80,4.586,116.9518,74.83080000000001,278.0324,38.98393333333333,37.415400000000005,46.33873333333333,3,1730006198.8362837,1730006527.5699737,469.815,151854.17550364742,18483.19326428572,151854.17550364742,18483.19326428572,151854.17550364742,18483.19326428572,323.2212158054712,39.34142857142857,37585.2,15034.08,19.25,1.8189199116353798e-05,1.2463145624577203e-05,29.527200792375886,3.5939542458333342,33.121155038209224,0.6836446866279807,0.18737192837154365,0.8710166149995244,33.99217165320875,spark,700
77,77,32,92,4.9471,114.7818,73.1868,270.7383,38.2606,36.5934,45.12305,3,1729995223.1093383,1729995545.5747058,458.7069,148702.40621530433,18231.832826068327,148702.40621530433,18231.832826068327,148702.40621530433,18231.832826068327,324.1773913043478,39.746149068322985,42201.0348,14678.6208,19.31,1.8189199116353798e-05,1.2463145624577203e-05,28.914356764086953,3.545078605068841,32.45943536915579,0.767603024893376,0.18294178859834795,0.9505448134917239,33.409980182647516,spark,700
78,78,40,8,4.7602,447.37,288.8917,1037.149,149.1233333333333,144.44585,172.85816666666668,3,1730094651.7481716,1730095906.7563615,1773.4107,345305.0824324234,42729.68028306938,345305.0824324234,42729.68028306938,345305.0824324234,42729.68028306938,194.7124162679426,24.0946331738437,14187.2856,70936.428,17.73,1.8189199116353798e-05,1.2463145624577203e-05,67.14265491741567,8.308548943930157,75.45120386134583,0.25805536269897894,0.8840910322513358,1.1421463949503148,76.59335025629615,spark,700
79,79,40,16,4.5001,228.0911,150.4116,544.2144999999999,76.03036666666667,75.2058,90.70241666666664,3,1730070280.7561798,1730070929.4726868,922.7172,254436.0547399507,26513.68871482281,254436.0547399507,26513.68871482281,254436.0547399507,26513.68871482281,275.74651771956854,28.734360554699546,14763.4752,36908.688,18.31,1.8189199116353798e-05,1.2463145624577203e-05,49.473677310545966,5.155439472326657,54.62911678287262,0.2685357900621512,0.45999835335608513,0.7285341434182364,55.35765092629086,spark,700
80,80,40,24,4.5458,167.2801,109.2973,405.1621,55.76003333333333,54.64865,67.52701666666667,3,1730053793.2684507,1730054272.0665476,681.7395,221437.0478179393,22026.03340638076,221437.0478179393,22026.03340638076,221437.0478179393,22026.03340638076,324.811820083682,32.30857740585774,16361.748,27269.58,18.01,1.8189199116353798e-05,1.2463145624577203e-05,43.057203742377084,4.282839829018481,47.34004357139556,0.2976070922636035,0.33986474666105804,0.6374718389246615,47.97751541032022,spark,700
81,81,40,32,4.5666,141.2857,92.6126,339.1465,47.09523333333333,46.3063,56.52441666666667,3,1730039981.107854,1730040384.2747357,573.0448,185863.68242572705,19950.391188049627,185863.68242572705,19950.391188049627,185863.68242572705,19950.391188049627,324.3440694789082,34.81471464019851,18337.4336,22921.792,21.04,1.8189199116353798e-05,1.2463145624577203e-05,36.14016047166915,3.8792427310096493,40.019403202678795,0.33354323103331646,0.2856776316722688,0.6192208627055853,40.63862406538438,spark,700
82,82,40,48,4.4395,125.6242,81.51689999999999,290.8426,41.87473333333333,40.75845,48.47376666666667,3,1730027896.4410534,1730028247.9845233,497.9837,161256.7554198946,18775.262371282053,161256.7554198946,18775.262371282053,161256.7554198946,18775.262371282053,323.8193447293447,37.7025641025641,23903.2176,19919.348,22.57,1.8189199116353798e-05,1.2463145624577203e-05,31.355480220535057,3.650745461082621,35.00622568161768,0.43478038444793254,0.2482577348706307,0.6830381193185633,35.68926380093624,spark,700
83,83,40,64,4.8849,117.9471,78.5879,277.1898,39.3157,39.29395,46.1983,3,1730016242.9304612,1730016576.4301524,473.7248,153203.6814937177,18430.95330354354,153203.6814937177,18430.95330354354,153203.6814937177,18430.95330354354,323.4022822822823,38.90645645645645,30318.3872,18948.992,23.58,1.8189199116353798e-05,1.2463145624577203e-05,29.789604734889554,3.583796475689022,33.37340121057858,0.5514671816675123,0.23616404673494842,0.7876312284024607,34.16103243898104,spark,700
84,84,40,80,4.4554,111.3305,72.01169999999999,268.1405,37.110166666666665,36.005849999999995,44.69008333333333,3,1730005534.2742343,1730005849.9554462,451.4827,146059.11112729114,17934.73592211076,146059.11112729114,17934.73592211076,146059.11112729114,17934.73592211076,323.5098734177215,39.72408227848101,36118.616,18059.308,24.6,1.8189199116353798e-05,1.2463145624577203e-05,28.4003827191955,3.487309762632648,31.887692481828147,0.6569686982311221,0.2250757854830921,0.8820444837142143,32.769736965542364,spark,700
85,85,40,92,4.8718,114.3521,72.94579999999999,273.18780000000004,38.11736666666667,36.4729,45.53130000000001,3,1729994558.7712576,1729994880.7407286,460.48570000000007,149081.2586199286,18342.2751940528,149081.2586199286,18342.2751940528,149081.2586199286,18342.2751940528,323.7478571428572,39.832453416149065,42364.684400000006,18419.428000000004,23.09,1.8189199116353798e-05,1.2463145624577203e-05,28.988022509430557,3.5665535099547108,32.554576019385266,0.7705796800530876,0.2295640134854149,1.0001436935385026,33.55471971292377,spark,700
86,86,48,8,4.296,436.4691,282.9701,1021.1483,145.4897,141.48505,170.1913833333333,3,1730092157.5804565,1730093388.4887688,1740.5875,341441.3218148863,42003.79816358652,341441.3218148863,42003.79816358652,341441.3218148863,42003.79816358652,196.16441104792847,24.13196588139724,13924.7,83548.20000000001,20.31,1.8189199116353798e-05,1.2463145624577203e-05,66.39136813067233,8.167405198475157,74.55877332914748,0.25327914093549175,1.0412733832713013,1.294552524206793,75.85332585335428,spark,700
87,87,48,16,4.4097,227.1744,149.8972,539.9649000000001,75.7248,74.9486,89.99415,3,1730068965.0852432,1730069611.6490357,917.0365,251926.8193276316,26327.237787089784,251926.8193276316,26327.237787089784,251926.8193276316,26327.237787089784,274.7184210526316,28.70904024767802,14672.584,44017.752,20.93,1.8189199116353798e-05,1.2463145624577203e-05,48.98577042481725,5.119185125267458,54.1049555500847,0.2668825519274269,0.5485996532425245,0.8154822051699513,54.92043775525465,spark,700
88,88,48,24,4.6508,164.3953,109.0449,395.1588,54.79843333333333,54.522450000000006,65.85979999999999,3,1730052828.852811,1730053299.4744673,668.5989999999999,216882.0457912526,21591.48910764331,216882.0457912526,21591.48910764331,216882.0457912526,21591.48910764331,324.38284501061565,32.29363057324841,16046.375999999998,32092.752,22.49,1.8189199116353798e-05,1.2463145624577203e-05,42.17150890385467,4.198345104263977,46.36985400811865,0.29187072815988074,0.3999766416694413,0.691847369829322,47.061701377947976,spark,700
89,89,48,32,4.361,136.0457,90.1091,328.9327,45.34856666666667,45.054550000000006,54.822116666666666,3,1730039174.4117792,1730039563.8926525,555.0875000000001,180232.3164383034,19548.75478984576,180232.3164383034,19548.75478984576,180232.3164383034,19548.75478984576,324.6917223650386,35.2174293059126,17762.800000000003,26644.200000000004,20.92,1.8189199116353798e-05,1.2463145624577203e-05,35.04517264078121,3.801146764692231,38.846319405473444,0.3230911060639693,0.33207054465035996,0.6551616507143292,39.50148105618777,spark,700
90,90,48,48,4.6894,121.9068,77.5875,289.6682,40.6356,38.79375,48.278033333333326,3,1730027190.857447,1730027535.1586308,489.1625,158131.9300192029,18458.35552608696,158131.9300192029,18458.35552608696,158131.9300192029,18458.35552608696,323.2707536231884,37.73460869565218,23479.800000000003,23479.800000000003,26.13,1.8189199116353798e-05,1.2463145624577203e-05,30.747875281511675,3.58912468562802,34.3369999671397,0.42707875741216395,0.2926321666359479,0.7197109240481119,35.056710891187805,spark,700
91,91,48,64,4.9236,117.6933,75.9658,278.9601,39.231100000000005,37.9829,46.49335,3,1730015561.1961548,1730015891.789769,472.6192,152981.85183453778,18361.22736294864,152981.85183453778,18361.22736294864,152981.85183453778,18361.22736294864,323.6894561933535,38.84993957703927,30247.6288,22685.7216,26.36,1.8189199116353798e-05,1.2463145624577203e-05,29.74647119004901,3.57023865390668,33.31670984395569,0.5501801430407577,0.28273545189941657,0.8329155949401743,34.14962543889587,spark,700
92,92,48,80,4.8724,111.5569,72.3972,270.27320000000003,37.185633333333335,36.1986,45.04553333333334,3,1730004883.5760992,1730005199.5396645,454.2273,146980.83901058545,18060.350559351267,146980.83901058545,18060.350559351267,146980.83901058545,18060.350559351267,323.584335443038,39.76060126582279,36338.184,21802.9104,27.14,1.8189199116353798e-05,1.2463145624577203e-05,28.579607585391614,3.5117348309849685,32.091342416376584,0.6609624643027018,0.2717328473548088,0.9326953116575105,33.024037728034095,spark,700
93,93,48,92,4.9886,113.4503,72.3742,272.0886,37.816766666666666,36.1871,45.3481,3,1729993892.3731174,1729994213.2840266,457.9131,147933.19210791588,18261.7598756729,147933.19210791588,18261.7598756729,147933.19210791588,18261.7598756729,323.05953271028034,39.88040498442368,42128.0052,21979.8288,27.65,1.8189199116353798e-05,1.2463145624577203e-05,28.764787354316976,3.5508977536030635,32.31568510792004,0.7662746749575882,0.273937807137676,1.040212482095264,33.3558975900153,spark,700
94,94,56,8,4.3931,427.30320000000006,278.99350000000004,997.7193,142.4344,139.49675000000002,166.28655,3,1730089706.232464,1730090910.59369,1704.016,334919.5469476412,41411.891298870425,334919.5469476412,41411.891298870425,334919.5469476412,41411.891298870425,196.54718438538205,24.30252491694352,13632.128,95424.896,22.72,1.8189199116353798e-05,1.2463145624577203e-05,65.12324523981911,8.052312197002582,73.17555743682169,0.2479574905716219,1.1892943750581346,1.4372518656297566,74.61280930245145,spark,700
95,95,56,16,4.8506,224.3615,147.3637,532.0662,74.78716666666666,73.68185,88.6777,3,1730067668.7953012,1730068304.5081863,903.7914,250933.20588466985,26102.68931875472,250933.20588466985,26102.68931875472,250933.20588466985,26102.68931875472,277.64504716981133,28.88132075471698,14460.6624,50612.3184,23.26,1.8189199116353798e-05,1.2463145624577203e-05,48.792567810908025,5.075522923091196,53.868090733999225,0.2630278677479706,0.6307886946166682,0.8938165623646388,54.761907296363866,spark,700
96,96,56,24,4.6859,164.0494,107.2494,389.9365,54.68313333333333,53.6247,64.98941666666666,3,1730051874.2283926,1730052340.807601,661.2353,214771.1126566288,21493.07030733477,214771.1126566288,21493.07030733477,214771.1126566288,21493.07030733477,324.80285407725324,32.504420600858374,15869.6472,37029.1768,25.68,1.8189199116353798e-05,1.2463145624577203e-05,41.761049683233374,4.1792081153150935,45.940257798548465,0.2886561728270865,0.46150002281661573,0.7501561956437022,46.69041399419217,spark,700
97,97,56,32,4.6736,131.92069999999998,87.3038,318.6065,43.97356666666666,43.6519,53.10108333333333,3,1730038389.608016,1730038767.4291117,537.8309999999999,174831.42495724134,19169.509456313,174831.42495724134,19169.509456313,174831.42495724134,19169.509456313,325.0675862068965,35.642254641909815,17210.591999999997,30118.536,23.74,1.8189199116353798e-05,1.2463145624577203e-05,33.99499929724137,3.7274046165053054,37.722403913746675,0.3130468847983257,0.375371700167071,0.6884185849653968,38.41082249871207,spark,700
98,98,56,48,4.9483,118.8098,76.5949,283.6607,39.60326666666666,38.29745,47.27678333333333,3,1730026495.0244331,1730026832.6097603,479.0654,155086.84685066468,18239.19967201187,155086.84685066468,18239.19967201187,155086.84685066468,18239.19967201187,323.72792284866466,38.07246290801187,22995.1392,26827.6624,29.65,1.8189199116353798e-05,1.2463145624577203e-05,30.15577577651813,3.546511047335641,33.70228682385377,0.4182631656170726,0.33435706325819436,0.752620228875267,34.454907052729034,spark,700
99,99,56,64,5.2183,113.305,72.47059999999999,269.2416,37.76833333333334,36.2353,44.8736,3,1730014892.9844167,1730015211.4518604,455.0172,147357.20610910343,17859.69611337931,147357.20610910343,17859.69611337931,147357.20610910343,17859.69611337931,323.8497492163009,39.25059561128526,29121.1008,25480.9632,28.47,1.8189199116353798e-05,1.2463145624577203e-05,28.65279007677011,3.472718688712643,32.12550876548275,0.5296895009386099,0.31757295501609273,0.8472624559547026,32.972771221437455,spark,700
100,100,56,80,4.9008,114.0372,72.3646,269.6315,38.0124,36.1823,44.93858333333333,3,1730004221.1202333,1730004541.0780354,456.0333,147624.14991059064,18078.086329640624,147624.14991059064,18078.086329640624,147624.14991059064,18078.086329640624,323.71353125,39.64203125,36482.664,25537.8648,30.19,1.8189199116353798e-05,1.2463145624577203e-05,28.704695815948178,3.515183452985677,32.21987926893385,0.6635904397910325,0.3182821279431642,0.9818725677341966,33.20175183666805,spark,700
101,101,56,92,4.8832,112.8426,71.737,268.6894,37.6142,35.8685,44.78156666666666,3,1729993236.53046,1729993552.831779,453.269,146474.56368791798,18158.470893438487,146474.56368791798,18158.470893438487,146474.56368791798,18158.470893438487,323.1515141955836,40.061135646687696,41700.748,25383.064,32.1,1.8189199116353798e-05,1.2463145624577203e-05,28.481165161539607,3.530813784835261,32.01197894637487,0.7585032086728924,0.3163528230299631,1.0748560317028555,33.086834978077725,spark,700
102,102,64,8,4.6384,434.0425,284.62530000000004,1006.0174,144.68083333333334,142.31265000000002,167.66956666666667,3,1730087264.306624,1730088481.2991607,1724.6852,337360.5135051733,41874.2654418636,337360.5135051733,41874.2654418636,337360.5135051733,41874.2654418636,195.6070090386196,24.27936729663105,13797.4816,110379.8528,25.66,1.8189199116353798e-05,1.2463145624577203e-05,65.59787762600592,8.142218280362366,73.7400959063683,0.2509651401266278,1.3756801794657958,1.6266453195924235,75.36674122596072,spark,700
103,103,64,16,4.4533,231.2205,150.03,541.8294,77.07350000000001,75.015,90.3049,3,1730066361.833953,1730067013.3100474,923.0799,254882.46680011056,26482.65187206912,254882.46680011056,26482.65187206912,254882.46680011056,26482.65187206912,276.1217818740399,28.689447004608294,14769.2784,59077.1136,25.97,1.8189199116353798e-05,1.2463145624577203e-05,49.56047965557705,5.149404530680107,54.709884186257156,0.2686413456224632,0.7362866698764904,1.0049280154989537,55.71481220175611,spark,700
104,104,64,24,4.6502,163.5174,107.7686,389.0081,54.5058,53.8843,64.83468333333333,3,1730050923.0828211,1730051387.3044682,660.2941,214311.3429665216,21473.47565581465,214311.3429665216,21473.47565581465,214311.3429665216,21473.47565581465,324.569525862069,32.52107758620689,15847.058399999998,42258.8224,27.82,1.8189199116353798e-05,1.2463145624577203e-05,41.671650021268086,4.175398044186182,45.84704806545427,0.288245300646087,0.526677857494345,0.814923158140432,46.6619712235947,spark,700
105,105,64,32,4.6985,137.7413,91.1181,331.4665,45.91376666666667,45.55905,55.244416666666666,3,1730037600.1801026,1730037992.544834,560.3259,181956.44484856373,19665.66663052041,181956.44484856373,19665.66663052041,181956.44484856373,19665.66663052041,324.73323979591834,35.09683673469387,17930.4288,35860.8576,29.81,1.8189199116353798e-05,1.2463145624577203e-05,35.380419831665165,3.8238796226011904,39.204299454266355,0.3261401396848047,0.4469390904910262,0.7730792301758309,39.977378684442186,spark,700
106,106,64,48,4.7532,108.912,72.15629999999999,267.5682,36.304,36.07815,44.5947,3,1730025836.2541122,1730026149.3271928,448.6365,145632.1809336901,17454.926870942494,145632.1809336901,17454.926870942494,145632.1809336901,17454.926870942494,324.6106389776358,38.90661341853036,21534.552,28712.736,27.94,1.8189199116353798e-05,1.2463145624577203e-05,28.317368514884187,3.394013558238818,31.711382073123005,0.3916962542094749,0.3578510100480404,0.7495472642575153,32.46092933738052,spark,700
107,107,64,64,4.7052,109.0459,71.0658,266.41880000000003,36.34863333333333,35.5329,44.40313333333334,3,1730014241.6311529,1730014554.489039,446.5305,144660.73134853036,17555.93865273163,144660.73134853036,17555.93865273163,144660.73134853036,17555.93865273163,323.96607028753994,39.31632587859425,28577.952,28577.952,32.19,1.8189199116353798e-05,1.2463145624577203e-05,28.128475539992014,3.41365473803115,31.542130278023166,0.5198100592656013,0.35617117742817733,0.8759812366937787,32.41811151471694,spark,700
108,108,64,80,4.6117,113.35739999999998,74.4405,272.2271,37.7858,37.22025,45.371183333333335,3,1730003561.6464565,1730003884.3663104,460.025,148680.6781749226,18083.69668808049,148680.6781749226,18083.69668808049,148680.6781749226,18083.69668808049,323.2013003095975,39.31024767801857,36802.0,29441.6,31.68,1.8189199116353798e-05,1.2463145624577203e-05,28.91013186734606,3.516274356015651,32.42640622336171,0.6693989058800525,0.36693494822055217,1.0363338541006046,33.462740077462314,spark,700
