,Unnamed: 0,input,rounds,cpus,memory,geomean,start,end,Average CPU Dynamic Energy per Round,Average DRAM Dynamic Energy per Round,Average CPU Energy per Round Unscaled,Average DRAM Energy per Round Unscaled,Average CPU Energy per Round,Average DRAM Energy per Round,Average CPU Utilization,Average CPU Power,Average DRAM Power,CPU-seconds,Memory-seconds,CPU Embodied CI (gCO2eq/CPU-s),Memory Embodied CI (gCO2eq/GiB-s),Total Energy per Round,CPU Operational Carbon,Memory Operational Carbon,Total Operational Carbon,CPU Embodied Carbon,Memory Embodied Carbon,Total Embodied Carbon,Total Carbon Footprint,workload,Grid CI (gCO2eq/kWh)
0,0,3Dgrid_J_640000000,10,80,40,5.768,2024-11-08 02:40:26.578300,2024-11-08 02:41:24.266900,1577.7264955666667,208.3807122444444,1782.4892458333334,224.59350277777773,1748.362120788889,211.75837693888883,8009.805104166667,309.0307291666667,38.93784722222222,461.44,230.72,1.8189199116353798e-05,1.2463145624577203e-05,1960.1204977277778,0.04856561446635803,0.005882177137191357,0.054447791603549386,0.008393224040250297,0.0028754969585024523,0.01126872099875275,0.06571651260230213,breadthFirstSearch,100
1,1,3Dgrid_J_640000000,10,16,8,5193.736,2024-11-10 22:36:50.882300,2024-11-11 13:02:33.630600,422149.6039786789,63990.54793619697,606526.1066692123,78589.18764726364,452879.02109376783,64598.82459082475,244.3353866711916,116.7803112574864,15.13153299421912,83099.776,41549.888,1.8189199116353798e-05,1.2463145624577203e-05,517477.8456845926,12.579972808160218,1.7944117941895765,14.374384602349794,1.5115183721883985,0.5178423048288728,2.029360677017271,16.403745279367065,breadthFirstSearch,100
2,2,3Dgrid_J_640000000,10,48,24,52.044,2024-11-08 06:01:01.333400,2024-11-08 06:11:26.328300,7777.937883697597,860.164942116437,9625.488607497597,1006.451084716437,8701.713245597597,878.450709941437,1568.4425088112785,184.94905479013136,19.33846523550144,2498.112,1249.056,1.8189199116353798e-05,1.2463145624577203e-05,9580.163955539034,0.2417142568221555,0.02440140860948436,0.26611566543163984,0.04543865658295282,0.015567166821251904,0.061005823404204726,0.3271214888358446,breadthFirstSearch,100
3,3,3Dgrid_J_640000000,10,80,48,5.759,2024-10-28 04:27:53.182500,2024-10-28 04:28:50.786900,1506.6017197833337,201.87328594710144,1711.044972,218.0607791304348,1676.9710966305556,205.9201592429348,8013.994852173912,297.108,37.86434782608696,460.72,276.432,1.8189199116353798e-05,1.2463145624577203e-05,1882.8912558734905,0.046582530461959884,0.005720004423414856,0.052302534885374743,0.008380127816886523,0.0034452122712931256,0.011825340088179648,0.06412787497355439,breadthFirstSearch,100
4,4,3Dgrid_J_640000000,10,96,48,5.542,2024-10-28 03:53:34.410900,2024-10-28 03:54:29.843400,1490.7610493173916,196.99128555507244,1687.5008485507249,212.5688315217391,1687.5008485507249,200.8856720467391,9570.060923913044,304.493115942029,38.35597826086956,532.0319999999999,266.016,1.8189199116353798e-05,1.2463145624577203e-05,1888.386520597464,0.04687502357085347,0.005580157556853864,0.052455181127707334,0.009677235984271943,0.0033153961464675295,0.012992632130739472,0.06544781325844681,breadthFirstSearch,100
5,5,3Dgrid_J_640000000,10,32,192,9.465,2024-10-27 22:26:32.367300,2024-10-27 22:28:07.027700,2111.279974559524,260.4044678690476,2447.285423809524,287.00884761904763,2223.2817909761907,287.00884761904763,3203.1534285714283,258.5615873015873,30.323174603174603,302.88,1817.28,1.8189199116353798e-05,1.2463145624577203e-05,2510.2906385952383,0.06175782752711641,0.00797246798941799,0.0697302955165344,0.005509144628361239,0.02264902528063166,0.0281581699089929,0.09788846542552729,breadthFirstSearch,100
6,6,3Dgrid_J_640000000,10,32,40,9.492,2024-11-08 03:39:44.203600,2024-11-08 03:41:19.128000,2132.346814827848,272.0453838962025,2469.310758227848,298.7256556962025,2244.6681292945145,277.60377385453586,3201.2310970464137,260.1465189873417,31.47130801687764,303.744,379.68000000000006,1.8189199116353798e-05,1.2463145624577203e-05,2522.2719031490506,0.06235189248040318,0.007711215940403774,0.07006310842080696,0.005524860096397769,0.004732007130739474,0.010256867227137242,0.0803199756479442,breadthFirstSearch,100
7,7,3Dgrid_J_640000000,10,48,72,7.114,2024-11-08 00:19:39.919800,2024-11-08 00:20:51.071200,1787.381015732864,233.2442147403756,2039.9264743661968,253.24036450704224,1913.6537450495307,240.7427709028756,4812.934295774648,286.7481690140845,35.597464788732395,341.472,512.208,1.8189199116353798e-05,1.2463145624577203e-05,2154.3965159524064,0.053157048473598076,0.006687299191746545,0.05984434766534462,0.006211102200659564,0.00638372289407344,0.012594825094733003,0.07243917276007762,breadthFirstSearch,100
8,8,3Dgrid_J_640000000,10,32,8,4145.238,2024-11-10 09:16:07.018300,2024-11-10 20:47:00.245500,404085.2242777031,54941.0863847687,551240.2751428031,66592.5904424687,453136.90789940313,55426.5657205062,382.4088745830023,132.98157431317648,16.064841256996267,132647.616,33161.904,1.8189199116353798e-05,1.2463145624577203e-05,508563.4736199093,12.587136330538977,1.5396268255696168,14.126763156108593,2.412753899733638,0.4133016387402493,2.8260555384738875,16.95281869458248,breadthFirstSearch,100
9,9,3Dgrid_J_640000000,10,80,80,5.762,2024-10-28 00:14:33.890900,2024-10-28 00:15:31.524500,1511.742616433333,201.0815787144928,1716.2923679999997,217.2775043478261,1682.2007427388887,207.82988106171496,8011.930034782608,297.864,37.70869565217392,460.96,460.96,1.8189199116353798e-05,1.2463145624577203e-05,1890.0306238006037,0.04672779840941358,0.005773052251714305,0.05250085066112788,0.008384493224674446,0.005745011607105107,0.014129504831779553,0.06663035549290744,breadthFirstSearch,100
10,10,3Dgrid_J_640000000,10,48,32,7.113,2024-10-29 22:05:09.219200,2024-10-29 22:06:20.359300,1710.0147614031646,223.73245556476792,1962.5247202531648,243.72579451476795,1836.269740828165,227.06467872310125,4812.521898734176,275.9067510548523,34.264838255977494,341.42400000000004,227.616,1.8189199116353798e-05,1.2463145624577203e-05,2063.3344195512664,0.05100749280078236,0.0063073521867528124,0.05731484498753517,0.006210229119101979,0.002836811354483765,0.009047040473585745,0.06636188546112091,breadthFirstSearch,100
11,11,3Dgrid_J_640000000,10,48,80,7.094,2024-10-28 00:38:55.361800,2024-10-28 00:40:06.308000,1708.058385055932,223.1387821033898,1959.8938480225988,243.07871553672317,1833.9761165392656,231.44708770061203,4814.730494350281,276.27485875706213,34.26539548022598,340.512,567.52,1.8189199116353798e-05,1.2463145624577203e-05,2065.4232042398776,0.0509437810149796,0.006429085769461445,0.05737286678444105,0.006193640569507865,0.007073084404860055,0.01326672497436792,0.07063959175880896,breadthFirstSearch,100
12,12,3Dgrid_J_640000000,10,64,88,6.748,2024-11-07 23:42:36.467300,2024-11-07 23:43:43.960700,1800.6957366580482,220.7319969490837,2040.2482745913812,239.6993878157504,1960.397428613604,229.42538442963925,6412.958766716196,302.348588410104,35.52154531946508,431.872,593.8240000000001,1.8189199116353798e-05,1.2463145624577203e-05,2189.822813043243,0.05445548412815567,0.0063729273452677575,0.06082841147342343,0.007855405800777948,0.007400914987368934,0.015256320788146881,0.07608473226157031,breadthFirstSearch,100
13,13,3Dgrid_J_640000000,10,16,96,17.083,2024-10-27 23:41:21.736600,2024-10-27 23:44:12.573700,2526.815719487827,369.4038210521492,3133.2585181711606,417.4210021688159,2627.889519268382,393.4124116104825,1616.2573856975391,183.41383352872217,24.43487690504103,273.328,1639.9679999999998,1.8189199116353798e-05,1.2463145624577203e-05,3021.301930878865,0.07299693109078839,0.010928122544735625,0.08392505363552402,0.00497161741607475,0.020439160003646626,0.025410777419721378,0.1093358310552454,breadthFirstSearch,100
14,14,3Dgrid_J_640000000,10,16,40,17.166,2024-11-08 04:00:50.799700,2024-11-08 04:03:42.476700,2624.500840186814,391.36637442555417,3233.890120886814,439.6168533255542,2726.0657203034807,401.4185575297208,1614.4595157526269,188.38926487747955,25.60974329054842,274.656,686.64,1.8189199116353798e-05,1.2463145624577203e-05,3127.4842778332013,0.0757240477862078,0.011150515486936689,0.08687456327314448,0.004995772672501269,0.00855769431165969,0.01355346698416096,0.10042803025730544,breadthFirstSearch,100
15,15,3Dgrid_J_640000000,10,96,72,5.546,2024-11-07 23:59:21.161600,2024-11-08 00:00:16.630600,1560.7410490971015,204.68185352028988,1757.6228474637685,220.2706427536232,1757.6228474637685,210.52764948278988,9578.263623188404,316.91721014492754,39.71702898550725,532.416,399.312,1.8189199116353798e-05,1.2463145624577203e-05,1968.1504969465584,0.04882285687399357,0.00584799026341083,0.0546708471374044,0.009684220636732625,0.004976683605641173,0.014660904242373797,0.0693317513797782,breadthFirstSearch,100
16,16,3Dgrid_J_640000000,10,64,24,51.669,2024-11-08 05:29:40.081800,2024-11-08 05:39:41.790900,8383.12286479523,867.5172876390166,10217.36116984523,1012.7493739890164,9605.94840149523,885.6712984327665,2061.6422782492928,197.7464469961724,19.600715593276757,3306.816,1240.056,1.8189199116353798e-05,1.2463145624577203e-05,10491.619699927996,0.2668319000415342,0.024601980512021296,0.29143388055355546,0.0601483346651446,0.015454998510630709,0.0756033331757753,0.36703721372933074,breadthFirstSearch,100
17,17,3Dgrid_J_640000000,10,16,32,17.13,2024-10-29 22:48:35.198800,2024-10-29 22:51:26.513000,2499.4189711491226,371.77512979824553,3107.530259649123,419.9244192982456,2600.770852565789,379.8000113815789,1614.0203333333347,181.40865497076024,24.51397660818713,274.08,548.16,1.8189199116353798e-05,1.2463145624577203e-05,2980.570863947368,0.07224363479349415,0.010550000316154969,0.08279363510964911,0.004985295693810249,0.00683179790556824,0.011817093599378489,0.0946107287090276,breadthFirstSearch,100
18,18,3Dgrid_J_640000000,10,64,32,6.263,2024-10-29 21:44:39.202100,2024-10-29 21:45:41.840400,1596.633149475346,210.1999742262513,1818.9682924920128,227.80411900958464,1744.8565781531238,213.13399835680684,6413.188785942492,290.4308306709265,36.37300319488818,400.832,200.416,1.8189199116353798e-05,1.2463145624577203e-05,1957.9905765099306,0.04846823828203122,0.005920388843244635,0.054388627125275854,0.007290813060206325,0.002497813793495265,0.00978862685370159,0.06417725397897744,breadthFirstSearch,100
19,19,3Dgrid_J_640000000,10,48,40,7.115,2024-11-08 03:20:21.662000,2024-11-08 03:21:32.822900,1778.8056556678405,232.1025253321596,2031.386614084507,252.10148591549293,1905.0961348761737,236.26897545368735,4812.564042253521,285.5076056338028,35.43239436619718,341.52,284.6,1.8189199116353798e-05,1.2463145624577203e-05,2141.365110329861,0.052919337079893713,0.00656302709593576,0.05948236417582947,0.006211975282217149,0.0035470112447546723,0.009758986526971821,0.0692413507028013,breadthFirstSearch,100
20,20,3Dgrid_J_640000000,10,32,88,9.709,2024-11-07 23:46:39.425400,2024-11-07 23:48:16.527500,2299.532162440196,274.3500751009804,2644.199558823529,301.64029411764704,2414.4212945679737,286.858092150286,3200.767977296181,272.3452012383901,31.06811145510836,310.688,854.3919999999999,1.8189199116353798e-05,1.2463145624577203e-05,2701.27938671826,0.06706725818244372,0.007968280337507945,0.07503553851995166,0.005651165895061728,0.010648411916473765,0.016299577811535494,0.09133511633148717,breadthFirstSearch,100
21,21,3Dgrid_J_640000000,10,80,8,3715.2,2024-11-08 20:19:57.778900,2024-11-09 06:39:14.747500,424248.2845095084,53303.260357470186,556137.0795495084,63746.00643747018,534155.6137095084,53738.37477747018,583.7055647709428,149.69236637314503,17.15816280078332,297216.0,29721.6,1.8189199116353798e-05,1.2463145624577203e-05,587893.9884869786,14.837655936375235,1.492732632707505,16.33038856908274,5.40612100456621,0.37042462899543377,5.776545633561644,22.106934202644382,breadthFirstSearch,100
22,22,3Dgrid_J_640000000,10,96,80,5.524,2024-10-28 00:01:01.662400,2024-10-28 00:01:56.911400,1487.7027808666664,196.80757382424244,1683.8035839999998,212.3345250909091,1683.8035839999998,203.27713685202025,9575.500654545453,304.816,38.438545454545455,530.304,441.92,1.8189199116353798e-05,1.2463145624577203e-05,1887.08072085202,0.04677232177777777,0.00564658713477834,0.052418908912556114,0.009645805048198884,0.005507713314413158,0.015153518362612042,0.06757242727516816,breadthFirstSearch,100
23,23,3Dgrid_J_640000000,10,64,72,6.288,2024-11-08 00:12:45.437600,2024-11-08 00:13:48.331600,1667.058299979618,218.18265741146504,1890.2809375796185,235.857072611465,1815.873391712952,224.810563111465,6412.895398089173,300.61719745222933,37.509076433121024,402.432,452.736,1.8189199116353798e-05,1.2463145624577203e-05,2040.683954824417,0.050440927547582004,0.006244737864207361,0.05668566541178936,0.007319915778792492,0.005642514697488585,0.012962430476281078,0.06964809588807044,breadthFirstSearch,100
24,24,3Dgrid_J_640000000,10,96,96,5.52,2024-10-27 22:54:39.653000,2024-10-27 22:55:34.865700,1497.4442324963502,196.6839708321168,1693.4030364963503,212.19967883211677,1693.4030364963503,204.4418248321168,9573.27877737226,306.77591240875915,38.441970802919705,529.92,529.92,1.8189199116353798e-05,1.2463145624577203e-05,1897.844861328467,0.04703897323600973,0.0056789395786699115,0.05271791281467964,0.009638820395738204,0.006604470129375951,0.016243290525114154,0.0689612033397938,breadthFirstSearch,100
25,25,3Dgrid_J_640000000,10,96,8,3693.664,2024-11-08 08:40:18.194300,2024-11-08 18:55:57.257100,434176.5780280338,53416.337745639845,565300.8497341672,63798.55007790651,565300.8497341672,53848.92992615096,640.6256798176676,153.04609453761014,17.272429240425364,354591.744,29549.312,1.8189199116353798e-05,1.2463145624577203e-05,619149.7796603182,15.702801381504646,1.4958036090597489,17.198604990564395,6.449739836631152,0.36827737856206666,6.818017215193219,24.016622205757614,breadthFirstSearch,100
26,26,3Dgrid_J_640000000,10,64,48,6.267,2024-10-28 04:58:21.308400,2024-10-28 04:59:23.984200,1592.2568465081472,209.6214268062301,1814.7339886581472,227.23681485623007,1740.574941274814,214.02527381873008,6416.62552715655,289.56980830670926,36.25926517571885,401.088,300.81600000000003,1.8189199116353798e-05,1.2463145624577203e-05,1954.600215093544,0.04834930392430039,0.005945146494964725,0.05429445041926512,0.007295469495180113,0.0037491136142028163,0.01104458310938293,0.06533903352864805,breadthFirstSearch,100
27,27,3Dgrid_J_640000000,10,16,24,65.989,2024-11-08 07:06:10.996300,2024-11-08 07:18:47.829100,6851.020922921061,1032.4472418790456,9193.616125304396,1217.9302228957122,7241.453456651617,1055.632614506129,662.4249232398095,139.32043409211224,18.456564319745898,1055.824,1583.736,1.8189199116353798e-05,1.2463145624577203e-05,8297.086071157746,0.20115148490698936,0.029323128180725803,0.23047461308771516,0.019204592967825132,0.019738332398885405,0.03894292536671054,0.26941753845442573,breadthFirstSearch,100
28,28,3Dgrid_J_640000000,10,64,192,6.253,2024-10-27 22:09:39.571400,2024-10-27 22:10:42.111700,1625.8054048166666,209.0260696333333,1847.78555,226.60210625,1773.7921682722222,226.60210625,6435.332003205128,295.5038461538461,36.23894230769231,400.192,1200.576,1.8189199116353798e-05,1.2463145624577203e-05,2000.394274522222,0.049272004674228397,0.006294502951388889,0.05556650762561729,0.00727917197277186,0.014962953521372401,0.02224212549414426,0.07780863311976155,breadthFirstSearch,100
29,29,3Dgrid_J_640000000,10,64,64,6.261,2024-10-28 02:15:46.360100,2024-10-28 02:16:48.980200,1586.2211986299997,209.71985429,1808.48534208,227.31837744,1734.397294263333,215.5860286733333,6414.406256,288.84928,36.30703999999999,400.704,400.704,1.8189199116353798e-05,1.2463145624577203e-05,1949.9833229366661,0.04817770261842592,0.0059885007964814805,0.054166203414907396,0.007288484842719432,0.004994032304350584,0.012282517147070016,0.06644872056197741,breadthFirstSearch,100
30,30,3Dgrid_J_640000000,10,80,72,5.784,2024-11-08 00:06:08.942000,2024-11-08 00:07:06.796300,1581.4932074461,209.22200347105715,1786.8239542461,225.47976707105715,1752.602163112767,215.31866482105715,8010.316308492201,308.9253032928942,38.98336221837088,462.72,416.448,1.8189199116353798e-05,1.2463145624577203e-05,1967.920827933824,0.04868339341979908,0.005981074022807144,0.054664467442606224,0.00841650621511923,0.005190252069063927,0.013606758284183156,0.06827122572678938,breadthFirstSearch,100
31,31,3Dgrid_J_640000000,10,16,80,17.076,2024-10-28 01:06:27.119300,2024-10-28 01:09:17.886300,2486.549726779472,369.8427001131965,3092.7440269794724,417.8402055131965,2587.582110146139,389.84166069652986,1616.1307331378312,181.11642228739004,24.469442815249263,273.216,1366.08,1.8189199116353798e-05,1.2463145624577203e-05,2977.4237708426685,0.07187728083739275,0.010828935019348052,0.0827062158567408,0.0049695802257737195,0.017025653974822426,0.021995234200596146,0.10470145005733694,breadthFirstSearch,100
32,32,3Dgrid_J_640000000,10,32,64,9.452,2024-10-28 02:56:43.469300,2024-10-28 02:58:17.998600,2007.382563187571,260.78597739209044,2342.926515254237,287.3538165254238,2119.230547209793,269.64192376986824,3205.0534533898303,247.8762711864407,30.40137711864407,302.464,604.928,1.8189199116353798e-05,1.2463145624577203e-05,2388.872470979661,0.05886751520027202,0.007490053438051896,0.06635756863832391,0.0055015779215288356,0.007539305756384239,0.013040883677913074,0.07939845231623699,breadthFirstSearch,100
33,33,3Dgrid_J_640000000,10,80,88,6.271,2024-11-07 23:40:47.981200,2024-11-07 23:41:50.698500,1694.5319148766666,213.3980120433333,1917.15105616,231.02464336,1880.0478659461112,221.4768847301389,8104.078319999999,305.71696000000003,36.84016,501.68,551.848,1.8189199116353798e-05,1.2463145624577203e-05,2101.5247506762503,0.052223551831836426,0.0061521356869483025,0.058375687518784726,0.009125157412692373,0.0068777619866316805,0.016002919399324054,0.07437860691810878,breadthFirstSearch,100
34,34,3Dgrid_J_640000000,10,80,56,5.767,2024-11-08 01:02:59.290900,2024-11-08 01:03:56.971300,1571.8611772944446,208.45471889444443,1776.588427777778,224.66469861111116,1742.4672193638892,213.1826296451389,8009.855416666666,308.0611111111112,38.956944444444446,461.36,322.952,1.8189199116353798e-05,1.2463145624577203e-05,1955.649849009028,0.04840186720455248,0.00592173971236497,0.05432360691691745,0.008391768904320989,0.004024997805748457,0.012416766710069447,0.0667403736269869,breadthFirstSearch,100
35,35,3Dgrid_J_640000000,10,16,192,17.068,2024-10-27 22:37:18.959000,2024-10-27 22:40:09.642700,2524.9819168460094,370.1579269079812,3130.892218779343,418.1329457746479,2625.966967168232,418.1329457746479,1616.7235798122078,183.4363849765258,24.49806338028169,273.088,3277.0560000000005,1.8189199116353798e-05,1.2463145624577203e-05,3044.0999129428797,0.07294352686578422,0.011614804049295775,0.08455833091508,0.004967252008286826,0.040842426147894476,0.045809678156181304,0.1303680090712613,breadthFirstSearch,100
36,36,3Dgrid_J_640000000,10,64,56,6.274,2024-11-08 01:16:51.346400,2024-11-08 01:17:54.097700,1651.5543099248805,217.61091773253585,1874.2799505582136,235.2459814992025,1800.0380703471026,222.75447799781364,6412.707735247209,298.737639553429,37.495374800637954,401.536,351.344,1.8189199116353798e-05,1.2463145624577203e-05,2022.7925483449162,0.05000105750964174,0.006187624388828157,0.0561886818984699,0.007303618256384239,0.0043788514363214525,0.011682469692705692,0.0678711515911756,breadthFirstSearch,100
37,37,3Dgrid_J_640000000,10,96,24,50.695,2024-11-08 04:27:14.975900,2024-11-08 04:36:39.749100,9308.292392177613,861.9622337314453,11107.953908260946,1004.456584648112,11107.953908260946,879.7740275960286,3252.728051763871,219.11340187909943,19.81372097145896,4866.72,1216.68,1.8189199116353798e-05,1.2463145624577203e-05,11987.727935856976,0.30855427522947076,0.02443816743322302,0.3329924426626938,0.08852173912354136,0.015163660018510593,0.10368539914205195,0.4366778418047457,breadthFirstSearch,100
38,38,3Dgrid_J_640000000,10,16,64,17.101,2024-10-28 03:18:33.695400,2024-10-28 03:21:24.713700,2483.324218741256,371.3602811505465,3090.406013524589,419.42805696721314,2584.504517871812,387.38287308943535,1617.5360245901657,180.71492974238876,24.526522248243563,273.616,1094.464,1.8189199116353798e-05,1.2463145624577203e-05,2971.887390961247,0.07179179216310588,0.010760635363595427,0.0825524275267013,0.00497685590542026,0.013640464212857265,0.018617320118277526,0.10116974764497882,breadthFirstSearch,100
39,39,3Dgrid_J_640000000,10,32,48,9.479,2024-10-28 06:05:51.653800,2024-10-28 06:07:26.453400,2056.6938152405664,262.4607640648187,2393.196261457233,289.10449524815203,2168.861297312789,269.12169686065204,3202.800485744456,252.47349524815203,30.49947201689546,303.328,454.992,1.8189199116353798e-05,1.2463145624577203e-05,2437.9829941734406,0.06024614714757747,0.007475602690573668,0.06772174983815114,0.005517293389565365,0.005670631554017631,0.011187924943582995,0.07890967478173413,breadthFirstSearch,100
40,40,3Dgrid_J_640000000,10,80,32,5.759,2024-10-29 21:24:57.006100,2024-10-29 21:25:54.604000,1514.6442884789851,200.97388038188416,1719.087540695652,217.16137356521747,1685.0136653262075,203.6717959124397,8009.896608695652,298.5045217391304,37.70817391304349,460.72,184.288,1.8189199116353798e-05,1.2463145624577203e-05,1888.6854612386471,0.04680593514795021,0.0056575498864566585,0.05246348503440686,0.008380127816886523,0.002296808180862084,0.010676935997748608,0.06314042103215547,breadthFirstSearch,100
41,41,3Dgrid_J_640000000,10,64,16,172.592,2024-10-30 00:55:30.263900,2024-10-30 01:24:25.684500,23084.21590132,2482.743982690759,29211.194506386662,2967.8684528240924,27168.86830469778,2523.1710218685366,1525.9963174291815,169.24999134598744,17.19586338198811,11045.888,2761.472,1.8189199116353798e-05,1.2463145624577203e-05,29692.039326566315,0.754690786241605,0.07008808394079269,0.8247788701823977,0.20091585624894304,0.034416627674192464,0.2353324839231355,1.0601113541055331,breadthFirstSearch,100
42,42,3Dgrid_J_640000000,10,32,80,9.452,2024-10-28 00:51:19.559000,2024-10-28 00:52:54.086000,2077.350179004383,260.4913052993284,2412.8941310710497,287.0591444326617,2189.198163026605,271.56123827155056,3202.315683987274,255.27868504772,30.37020148462354,302.464,756.16,1.8189199116353798e-05,1.2463145624577203e-05,2460.7594012981554,0.06081106008407237,0.007543367729765294,0.06835442781383766,0.0055015779215288356,0.009424132195480299,0.014925710117009133,0.08328013793084679,breadthFirstSearch,100
43,43,3Dgrid_J_640000000,10,80,64,5.753,2024-10-28 01:56:04.366300,2024-10-28 01:57:01.904800,1504.0985837007247,200.827529107971,1708.3288372173913,216.99815739130435,1674.2904616312803,206.2177385357488,8012.352382608696,296.9457391304348,37.719130434782606,460.24,368.192,1.8189199116353798e-05,1.2463145624577203e-05,1880.5082001670291,0.046508068378646676,0.005728270514881911,0.052236338893528585,0.008371397001310673,0.00458883051380433,0.012960227515115004,0.06519656640864359,breadthFirstSearch,100
44,44,3Dgrid_J_640000000,10,48,48,7.122,2024-10-28 05:33:31.991500,2024-10-28 05:34:43.230700,1701.1137810746832,224.0536058940928,1953.9432379746831,244.0722421940928,1827.5285095246832,229.0582649690928,4815.492756680731,274.353164556962,34.27018284106892,341.856,341.856,1.8189199116353798e-05,1.2463145624577203e-05,2056.586774493776,0.05076468082013009,0.0063627295824748,0.05712741040260489,0.006218086853120244,0.0042606011106354645,0.010478687963755708,0.0676060983663606,breadthFirstSearch,100
45,45,3Dgrid_J_640000000,10,16,48,17.1,2024-10-28 06:39:22.842900,2024-10-28 06:42:13.853900,2473.4550934007025,369.5747362302285,3080.5013884007026,417.63970123022847,2574.6294759007023,381.5909774802285,1617.7870591681328,180.1462800234329,24.42337434094903,273.6,820.8000000000001,1.8189199116353798e-05,1.2463145624577203e-05,2956.220453380931,0.07151748544168618,0.010599749374450792,0.08211723481613697,0.004976564878234399,0.01022974992865297,0.01520631480688737,0.09732354962302435,breadthFirstSearch,100
46,46,3Dgrid_J_640000000,10,64,8,3928.931,2024-11-09 08:04:02.070100,2024-11-09 18:59:01.732200,433530.5938040691,55587.55665054814,573006.7930356858,66631.06138753147,526514.7266251469,56047.70268125578,523.2664450489414,145.8429259856398,16.95908158924946,251451.584,31431.448,1.8189199116353798e-05,1.2463145624577203e-05,582562.4293064027,14.625409072920748,1.556880630034883,16.182289702955632,4.5737029294985625,0.3917347136153259,4.965437643113888,21.14772734606952,breadthFirstSearch,100
47,47,3Dgrid_J_640000000,10,80,24,55.582,2024-11-08 04:57:55.230800,2024-11-08 05:08:31.214800,9390.73532296188,928.8721081529808,11363.884280195214,1085.1029201196477,11035.026120656325,948.4009596488144,2519.998353274559,204.4525976070529,19.522559823677582,4446.56,1333.968,1.8189199116353798e-05,1.2463145624577203e-05,11983.427080305139,0.30652850335156456,0.026344471101355956,0.3328729744529205,0.08087936522281415,0.016625437442526005,0.09750480266534016,0.4303777771182607,breadthFirstSearch,100
48,48,3Dgrid_J_640000000,10,96,16,159.959,2024-10-29 23:15:19.643200,2024-10-29 23:42:12.071800,23519.483311102176,2338.187374103223,29197.993153318843,2787.8027972865566,29197.993153318843,2375.6553260351675,2158.700769947221,182.5342316050916,17.42823346786712,15356.064,2559.344,1.8189199116353798e-05,1.2463145624577203e-05,31573.64847935401,0.8110553653699679,0.0659904257231991,0.877045791093167,0.27931450573947236,0.03189747697538792,0.3112119827148603,1.1882577738080273,breadthFirstSearch,100
49,49,3Dgrid_J_640000000,10,80,192,5.763,2024-10-27 22:01:42.071700,2024-10-27 22:02:39.713800,1539.7856474326086,201.1595738108696,1744.3708987826087,217.3583102608696,1710.273356890942,217.3583102608696,8013.395408695651,302.68452173913045,37.71617391304349,461.04,1106.496,1.8189199116353798e-05,1.2463145624577203e-05,1927.6316671518116,0.04750759324697062,0.006037730840579711,0.053545324087550326,0.008385948360603756,0.013790420781012178,0.022176369141615936,0.07572169322916626,breadthFirstSearch,100
50,50,3Dgrid_J_640000000,10,96,88,5.538,2024-11-07 23:39:00.924000,2024-11-07 23:39:56.314600,1530.7687251268603,203.5535622727768,1727.3665252268604,219.1198649727768,1727.3665252268604,210.68811767694348,9572.379165154263,311.9116152450091,39.56660617059892,531.648,487.3440000000001,1.8189199116353798e-05,1.2463145624577203e-05,1938.0546429038038,0.0479824034785239,0.00585244771324843,0.05383485119177233,0.009670251331811264,0.006073839241263954,0.015744090573075218,0.06957894176484755,breadthFirstSearch,100
51,51,3Dgrid_J_640000000,10,32,24,52.707,2024-11-08 06:32:31.971000,2024-11-08 06:43:09.027000,7092.766143352592,858.3957240886574,8963.853223502592,1006.5454381386572,7716.461836735925,876.9144383449074,1108.4787690614685,170.06950165068383,19.096997327464237,1686.624,1264.968,1.8189199116353798e-05,1.2463145624577203e-05,8593.376275080833,0.2143461621315535,0.02435873439846965,0.23870489653002314,0.030678339770421108,0.015765480394430178,0.04644382016485128,0.2851487166948744,breadthFirstSearch,100
52,52,3Dgrid_J_640000000,10,48,16,170.478,2024-10-30 01:47:32.944800,2024-10-30 02:16:05.648600,21826.929448439816,2446.0361043673443,27878.861511539817,2925.2185080673444,24852.895479989817,2485.9679713423443,1236.8166444522392,163.53348532678595,17.15892084648661,8182.944,2727.648,1.8189199116353798e-05,1.2463145624577203e-05,27338.86345133216,0.6903582077774949,0.06905466587062067,0.7594128736481156,0.14884119777397262,0.033995074236586764,0.18283627201055938,0.942249145658675,breadthFirstSearch,100
53,53,3Dgrid_J_640000000,10,96,64,5.533,2024-10-28 01:34:09.068400,2024-10-28 01:35:04.415300,1490.1294786714764,196.63077007661823,1686.5497798548097,212.1830186932849,1686.5497798548097,201.8148529488405,9574.304718693284,304.8165154264973,38.348638838475495,531.168,354.112,1.8189199116353798e-05,1.2463145624577203e-05,1888.3646328036502,0.046848604995966936,0.005605968137467792,0.052454573133434726,0.009661520516235414,0.004413349423410283,0.014074869939645697,0.06652944307308042,breadthFirstSearch,100
54,54,3Dgrid_J_640000000,10,96,32,5.541,2024-10-28 07:25:01.815500,2024-10-28 07:25:57.239000,1501.1596687895646,197.6944329080762,1697.8639682395649,213.26916805807625,1697.8639682395649,200.2902220997429,9568.429346642466,306.41833030853,38.489292196007256,531.936,177.312,1.8189199116353798e-05,1.2463145624577203e-05,1898.1541903393077,0.04716288800665458,0.005563617280548414,0.05272650528720299,0.009675489821156775,0.002209865276985033,0.011885355098141807,0.0646118603853448,breadthFirstSearch,100
55,55,3Dgrid_J_640000000,10,48,88,7.488,2024-11-07 23:44:32.044700,2024-11-07 23:45:46.931600,1924.2384309561496,233.80488287486628,2190.06080855615,254.8522780748663,2057.14961975615,243.45160567486627,4812.53743315508,292.47606951871654,34.03475935828877,359.42400000000004,658.9440000000001,1.8189199116353798e-05,1.2463145624577203e-05,2300.6012254310162,0.057143044993226394,0.006762544602079619,0.06390558959530601,0.006537634703196348,0.008212515030441401,0.014750149733637748,0.07865573932894376,breadthFirstSearch,100
56,56,3Dgrid_J_640000000,10,16,72,17.114,2024-11-08 00:33:54.870900,2024-11-08 00:36:46.024700,2646.5350994903256,392.3223205473571,3254.0783914569924,440.4266369806904,2747.7923148181035,410.3614392098571,1614.9370626097143,190.1413107080164,25.734874195435925,273.824,1232.208,1.8189199116353798e-05,1.2463145624577203e-05,3158.1537540279605,0.07632756430050287,0.011398928866940475,0.08772649316744335,0.004980639258836463,0.015357187743769029,0.02033782700260549,0.10806432017004884,breadthFirstSearch,100
57,57,3Dgrid_J_640000000,10,32,56,9.495,2024-11-08 01:41:55.969700,2024-11-08 01:43:30.927200,2113.731281933544,272.25756473734174,2450.801724683544,298.94626898734174,2226.088096183544,280.04177014359175,3202.133006329114,258.1149789029536,31.484599156118144,303.84,531.7199999999999,1.8189199116353798e-05,1.2463145624577203e-05,2506.129866327136,0.061835780449542896,0.007778938059544216,0.06961471850908711,0.005526606259512938,0.006626903791500189,0.012153510051013127,0.08176822856010024,breadthFirstSearch,100
58,58,3Dgrid_J_640000000,10,16,16,151.849,2024-10-30 03:26:56.282100,2024-10-30 03:52:20.872900,14013.619672558589,2095.815954634496,19404.226271941923,2522.6356546511624,14912.054105789144,2131.384262969218,522.0505308106688,127.7863289975036,16.612790697674416,2429.584,2429.584,1.8189199116353798e-05,1.2463145624577203e-05,17043.43836875836,0.4142237251608096,0.059205118415811615,0.4734288435766212,0.04419218714590732,0.03028025919914278,0.0744724463450501,0.5479012899216713,breadthFirstSearch,100
59,59,3Dgrid_J_640000000,10,16,88,17.477,2024-11-07 23:49:27.088900,2024-11-07 23:52:21.877100,2797.909236024308,398.20342869259787,3418.338949340975,447.3280715759312,2901.3141882437526,420.7188900141256,1614.6439598853883,195.59071633237824,25.595243553008597,279.632,1537.976,1.8189199116353798e-05,1.2463145624577203e-05,3322.033078257878,0.08059206078454868,0.01168663583372571,0.0922786966182744,0.005086282127304245,0.01916801885510475,0.024254300982408994,0.11653299760068339,breadthFirstSearch,100
60,60,3Dgrid_J_640000000,10,32,72,9.5,2024-11-08 00:26:36.273900,2024-11-08 00:28:11.280900,2161.7826168159463,273.00572427994376,2499.0305584826133,299.7084826132771,2274.198597371502,283.01925865494377,3200.780779768177,263.0558482613277,31.54826132771338,304.0,684.0,1.8189199116353798e-05,1.2463145624577203e-05,2557.2178560264456,0.0631721832603195,0.007861646073748438,0.07103382933406793,0.005529516531371554,0.008524791607210808,0.014054308138582362,0.08508813747265029,breadthFirstSearch,100
61,61,3Dgrid_J_640000000,10,32,16,148.435,2024-10-30 02:38:00.498100,2024-10-30 03:02:52.005300,17742.62497587571,2129.9883988769416,23012.035314959045,2547.211970793608,19499.09508890349,2164.757029869997,919.8198543037464,155.03105948704177,17.160453874043238,4749.92,2374.96,1.8189199116353798e-05,1.2463145624577203e-05,21663.852118773488,0.5416415302473192,0.06013213971861103,0.6017736699659302,0.08639724066675124,0.029599472332545874,0.11599671299929712,0.7177703829652273,breadthFirstSearch,100
62,62,3Dgrid_J_640000000,10,96,40,5.532,2024-11-08 02:20:19.743900,2024-11-08 02:21:15.080100,1556.6979666580764,203.945463107441,1753.0827680580765,219.494900907441,1753.0827680580765,207.18492931577435,9573.556515426497,316.8985480943739,39.67731397459165,531.072,221.28,1.8189199116353798e-05,1.2463145624577203e-05,1960.2676973738508,0.04869674355716879,0.005755136925438177,0.05445188048260697,0.009659774353120244,0.0027578448638064437,0.012417619216926688,0.06686949969953365,breadthFirstSearch,100
63,63,3Dgrid_J_640000000,10,48,96,7.09,2024-10-27 23:21:12.655000,2024-10-27 23:22:23.564600,1742.3690361666663,222.77863327966105,1994.0625,242.70732344632768,1868.2157680833327,232.7429783629944,4867.751779661016,281.25,34.23234463276836,340.32,680.64,1.8189199116353798e-05,1.2463145624577203e-05,2100.958746446327,0.051894882446759244,0.0064650827323054,0.058359965179064645,0.006190148243277524,0.008482915437912228,0.014673063681189752,0.0730330288602544,breadthFirstSearch,100
64,64,3Dgrid_J_640000000,10,48,192,7.131,2024-10-27 22:17:53.238200,2024-10-27 22:19:04.557400,1742.1909779151686,223.98249191179772,1995.3399328651683,244.02642556179777,1868.7654553901689,244.0264255617977,4815.952851123595,279.8120786516854,34.22050561797753,342.288,1369.152,1.8189199116353798e-05,1.2463145624577203e-05,2112.7918809519665,0.051910151538615806,0.006778511821161048,0.058688663359776856,0.0062259445871385094,0.01706394075818113,0.023289885345319637,0.0819785487050965,breadthFirstSearch,100
65,65,3Dgrid_J_640000000,10,16,56,17.099,2024-11-08 01:56:42.282700,2024-11-08 01:59:33.288500,2614.10523565621,390.09896954250144,3221.1160308728768,438.1611237258348,2715.2737015256544,404.11709784597366,1613.7428822495624,188.3803749267721,25.624956063268893,273.584,957.544,1.8189199116353798e-05,1.2463145624577203e-05,3119.390799371628,0.07542426948682374,0.011225474940165936,0.08664974442698967,0.004976273851048538,0.011934010313940153,0.01691028416498869,0.10356002859197835,breadthFirstSearch,100
66,66,3Dgrid_J_640000000,10,48,64,7.104,2024-10-28 02:36:17.811500,2024-10-28 02:37:28.862400,1699.2673174792665,223.6971544507757,1951.4577782792664,243.6651960507757,1825.3625478792665,230.3531683174424,4814.860225669957,274.6984485190409,34.299717912552886,340.992,454.656,1.8189199116353798e-05,1.2463145624577203e-05,2055.715716196709,0.05070451521886851,0.0063986991199289555,0.05710321433879747,0.006202371385083715,0.005666443937087773,0.011868815322171489,0.06897202966096896,breadthFirstSearch,100
67,67,3Dgrid_J_640000000,10,80,96,5.754,2024-10-27 23:04:20.051100,2024-10-27 23:05:17.602700,1536.5712980089006,200.8859179680628,1740.8370513089003,217.0593570680628,1706.792759092234,208.9726375180628,8013.592966841186,302.54380453752185,37.72321116928447,460.32,552.384,1.8189199116353798e-05,1.2463145624577203e-05,1915.7653966102969,0.04741090997478428,0.0058047954866128565,0.05321570546139714,0.00837285213723998,0.0068844422326864545,0.015257294369926434,0.06847299983132357,breadthFirstSearch,100
68,68,3Dgrid_J_640000000,10,32,96,9.489,2024-10-27 23:30:12.096800,2024-10-27 23:31:46.992800,2096.6672473966737,261.7065860987857,2433.524691446674,288.37842544878566,2208.953062080007,275.0425057737857,3203.5038542766624,256.457444561774,30.39081309398099,303.648,910.944,1.8189199116353798e-05,1.2463145624577203e-05,2483.9955678537926,0.06135980728000019,0.007640069604827381,0.06899987688482757,0.005523113933282598,0.011353227727834855,0.016876341661117455,0.08587621854594503,breadthFirstSearch,100
69,69,3Dgrid_J_640000000,10,64,96,6.266,2024-10-27 23:12:37.105400,2024-10-27 23:13:39.775100,1630.6107454927585,209.48487963567624,1853.052387859425,227.0974568690096,1778.9051737372029,218.2911682523429,6415.598658146964,295.73130990415336,36.24281150159744,401.024,601.5360000000001,1.8189199116353798e-05,1.2463145624577203e-05,1997.1963419895458,0.04941403260381119,0.006063643562565081,0.05547767616637627,0.007294305386436666,0.007497030766425674,0.01479133615286234,0.07026901231923861,breadthFirstSearch,100
70,70,3Dgrid_J_640000000,10,48,56,7.097,2024-11-08 01:29:20.537800,2024-11-08 01:30:31.522700,1772.778084368806,231.676820153338,2024.7200466854729,251.62518603667132,1898.7490655271397,237.4950935359769,4813.020564174894,285.2923836389281,35.45514809590973,340.656,397.432,1.8189199116353798e-05,1.2463145624577203e-05,2136.2441590631165,0.0527430295979761,0.006597085931554915,0.059340115529531015,0.00619625981418062,0.004953252891866967,0.011149512706047587,0.0704896282355786,breadthFirstSearch,100
71,71,3Dgrid_J_640000000,10,32,32,9.482,2024-10-29 22:25:03.257300,2024-10-29 22:26:38.089500,2063.6937714343894,261.0459343603308,2400.302717001056,287.69809799366413,2175.896753289945,265.48796163255304,3200.3817529039065,253.1430834213305,30.34149947201689,303.424,303.424,1.8189199116353798e-05,1.2463145624577203e-05,2441.384714922498,0.06044157648027625,0.007374665600904252,0.0678162420811805,0.005519039552680534,0.003781617497991713,0.009300657050672248,0.07711689913185275,breadthFirstSearch,100
72,72,3Dgrid_J_640000000,10,64,80,6.256,2024-10-28 00:26:33.577800,2024-10-28 00:27:36.142900,1597.7737298256409,209.29177708717955,1819.860374358974,226.87624615384615,1745.8314928478628,216.61863919829065,6414.086346153846,290.8983974358974,36.26538461538462,400.384,500.48,1.8189199116353798e-05,1.2463145624577203e-05,1962.4501320461534,0.04849531924577397,0.0060171844221747406,0.054512503667948714,0.007282664299002199,0.006237555122188399,0.013520219421190598,0.06803272308913931,breadthFirstSearch,100
73,73,3Dgrid_J_640000000,10,96,192,5.537,2024-10-27 21:51:35.918100,2024-10-27 21:52:31.294700,1480.182241501515,197.56268520757573,1676.7445418181817,213.1261770909091,1676.7445418181817,213.1261770909091,9564.484709090908,302.82545454545453,38.49127272727273,531.552,1063.104,1.8189199116353798e-05,1.2463145624577203e-05,1889.8707189090908,0.04657623727272727,0.005920171585858587,0.05249640885858586,0.009668505168696094,0.013249619966070525,0.02291812513476662,0.07541453399335248,breadthFirstSearch,100
74,74,3Dgrid_J_640000000,10,96,56,5.527,2024-11-08 00:50:11.548300,2024-11-08 00:51:06.831000,1549.548309494888,204.11120739041132,1745.7556119782214,219.646591107078,1745.7556119782216,208.64236097443916,9571.335807622503,315.8595281306715,39.74065335753176,530.592,309.512,1.8189199116353798e-05,1.2463145624577203e-05,1954.397972952661,0.048493211443839494,0.005795621138178866,0.05428883258201836,0.009651043537544394,0.0038574931285541396,0.013508536666098534,0.0677973692481169,breadthFirstSearch,100
75,75,3Dgrid_J_640000000,10,80,16,162.292,2024-10-30 00:05:04.396200,2024-10-30 00:32:17.807900,23156.756969163074,2363.3269020114208,28918.087805896408,2819.499960478088,27957.865999774185,2401.3413235503094,1870.727140668097,178.18554091326996,17.37300643579528,12983.36,2596.672,1.8189199116353798e-05,1.2463145624577203e-05,30359.207323324496,0.7766073888826163,0.06670392565417527,0.8433113145367915,0.23615692023930326,0.03236270127526213,0.2685196215145654,1.111830936051357,breadthFirstSearch,100
76,76,3Dgrid_J_640000000,10,48,8,4072.103,2024-11-09 20:28:30.230800,2024-11-10 07:47:13.771100,426915.1570129808,56769.75490310168,571473.9312239975,68215.68988388502,499194.54411848914,57246.66886063432,461.122660955705,140.33877120102255,16.751955901873064,195460.944,32576.824,1.8189199116353798e-05,1.2463145624577203e-05,556441.2129791235,13.866515114402477,1.5901852461287314,15.456700360531208,3.555278029886479,0.40600970149822163,3.961287731384701,19.41798809191591,breadthFirstSearch,100
77,77,3Dgrid_J_640000000,10,64,40,6.264,2024-11-08 03:00:59.005000,2024-11-08 03:02:01.655200,1656.46654632,217.56264696000005,1878.83718912,235.16960256000004,1804.71364152,221.23076271000005,6413.029664,299.94208,37.543040000000005,400.896,250.56,1.8189199116353798e-05,1.2463145624577203e-05,2025.9444042300001,0.05013093448666667,0.006145298964166668,0.05627623345083334,0.007291977168949772,0.003122765767694064,0.010414742936643837,0.06669097638747717,breadthFirstSearch,100
