mode,batch_size,query_start,query_end,query_time
IVF,64,2025-02-19 04:21:32.396420,2025-02-19 04:21:33.385532,0 days 00:00:00.989112
IVF,64,2025-02-19 04:21:33.386861,2025-02-19 04:21:35.148883,0 days 00:00:01.762022
IVF,64,2025-02-19 04:21:35.148988,2025-02-19 04:21:36.538625,0 days 00:00:01.389637
IVF,64,2025-02-19 04:21:36.538712,2025-02-19 04:21:37.734306,0 days 00:00:01.195594
IVF,64,2025-02-19 04:21:37.734391,2025-02-19 04:21:39.019001,0 days 00:00:01.284610
IVF,64,2025-02-19 04:21:39.019112,2025-02-19 04:21:40.218474,0 days 00:00:01.199362
IVF,64,2025-02-19 04:21:40.218549,2025-02-19 04:21:41.177301,0 days 00:00:00.958752
IVF,64,2025-02-19 04:21:41.177364,2025-02-19 04:21:42.103574,0 days 00:00:00.926210
IVF,64,2025-02-19 04:21:42.103651,2025-02-19 04:21:43.124798,0 days 00:00:01.021147
IVF,64,2025-02-19 04:21:43.124865,2025-02-19 04:21:44.140913,0 days 00:00:01.016048
IVF,64,2025-02-19 04:21:44.141213,2025-02-19 04:21:45.134076,0 days 00:00:00.992863
IVF,64,2025-02-19 04:21:45.134150,2025-02-19 04:21:46.218970,0 days 00:00:01.084820
IVF,64,2025-02-19 04:21:46.219064,2025-02-19 04:21:47.219031,0 days 00:00:00.999967
IVF,64,2025-02-19 04:21:47.219109,2025-02-19 04:21:48.378670,0 days 00:00:01.159561
IVF,64,2025-02-19 04:21:48.378737,2025-02-19 04:21:49.476997,0 days 00:00:01.098260
IVF,64,2025-02-19 04:21:49.477074,2025-02-19 04:21:50.469889,0 days 00:00:00.992815
IVF,64,2025-02-19 04:21:50.470057,2025-02-19 04:21:51.659669,0 days 00:00:01.189612
IVF,64,2025-02-19 04:21:51.659754,2025-02-19 04:21:52.715695,0 days 00:00:01.055941
IVF,64,2025-02-19 04:21:52.715772,2025-02-19 04:21:53.799775,0 days 00:00:01.084003
IVF,64,2025-02-19 04:21:53.799874,2025-02-19 04:21:54.823221,0 days 00:00:01.023347
IVF,64,2025-02-19 04:21:54.823377,2025-02-19 04:21:55.914404,0 days 00:00:01.091027
IVF,64,2025-02-19 04:21:55.914470,2025-02-19 04:21:56.996090,0 days 00:00:01.081620
IVF,64,2025-02-19 04:21:56.996166,2025-02-19 04:21:58.146229,0 days 00:00:01.150063
IVF,64,2025-02-19 04:21:58.146290,2025-02-19 04:21:59.355920,0 days 00:00:01.209630
IVF,64,2025-02-19 04:21:59.355991,2025-02-19 04:22:00.504834,0 days 00:00:01.148843
IVF,64,2025-02-19 04:22:00.504926,2025-02-19 04:22:01.823555,0 days 00:00:01.318629
IVF,64,2025-02-19 04:22:01.823638,2025-02-19 04:22:03.003329,0 days 00:00:01.179691
IVF,64,2025-02-19 04:22:03.003388,2025-02-19 04:22:04.169340,0 days 00:00:01.165952
IVF,64,2025-02-19 04:22:04.169404,2025-02-19 04:22:05.140803,0 days 00:00:00.971399
IVF,64,2025-02-19 04:22:05.140967,2025-02-19 04:22:06.175747,0 days 00:00:01.034780
IVF,64,2025-02-19 04:22:06.175826,2025-02-19 04:22:07.274520,0 days 00:00:01.098694
IVF,64,2025-02-19 04:22:07.274601,2025-02-19 04:22:08.387013,0 days 00:00:01.112412
IVF,64,2025-02-19 04:22:08.387206,2025-02-19 04:22:09.632243,0 days 00:00:01.245037
IVF,64,2025-02-19 04:22:09.632311,2025-02-19 04:22:10.823840,0 days 00:00:01.191529
IVF,64,2025-02-19 04:22:10.823970,2025-02-19 04:22:12.200710,0 days 00:00:01.376740
IVF,64,2025-02-19 04:22:12.200792,2025-02-19 04:22:13.395591,0 days 00:00:01.194799
IVF,64,2025-02-19 04:22:13.395670,2025-02-19 04:22:14.535644,0 days 00:00:01.139974
IVF,64,2025-02-19 04:22:14.535703,2025-02-19 04:22:15.577142,0 days 00:00:01.041439
IVF,64,2025-02-19 04:22:15.577237,2025-02-19 04:22:16.659038,0 days 00:00:01.081801
IVF,64,2025-02-19 04:22:16.659128,2025-02-19 04:22:17.691953,0 days 00:00:01.032825
IVF,64,2025-02-19 04:22:17.692704,2025-02-19 04:22:18.827475,0 days 00:00:01.134771
IVF,64,2025-02-19 04:22:18.827545,2025-02-19 04:22:19.868210,0 days 00:00:01.040665
IVF,64,2025-02-19 04:22:19.868299,2025-02-19 04:22:20.990756,0 days 00:00:01.122457
IVF,64,2025-02-19 04:22:20.990847,2025-02-19 04:22:22.074323,0 days 00:00:01.083476
IVF,64,2025-02-19 04:22:22.074396,2025-02-19 04:22:23.298895,0 days 00:00:01.224499
IVF,64,2025-02-19 04:22:23.298971,2025-02-19 04:22:24.495749,0 days 00:00:01.196778
IVF,64,2025-02-19 04:22:24.495809,2025-02-19 04:22:25.708438,0 days 00:00:01.212629
IVF,64,2025-02-19 04:22:25.708499,2025-02-19 04:22:26.737451,0 days 00:00:01.028952
IVF,64,2025-02-19 04:22:26.737534,2025-02-19 04:22:27.782281,0 days 00:00:01.044747
IVF,64,2025-02-19 04:22:27.782341,2025-02-19 04:22:28.897944,0 days 00:00:01.115603
IVF,64,2025-02-19 04:22:28.898033,2025-02-19 04:22:30.012282,0 days 00:00:01.114249
IVF,64,2025-02-19 04:22:30.012423,2025-02-19 04:22:31.110925,0 days 00:00:01.098502
IVF,64,2025-02-19 04:22:31.111011,2025-02-19 04:22:32.203468,0 days 00:00:01.092457
IVF,64,2025-02-19 04:22:32.204138,2025-02-19 04:22:33.344306,0 days 00:00:01.140168
IVF,64,2025-02-19 04:22:33.344394,2025-02-19 04:22:34.600182,0 days 00:00:01.255788
IVF,64,2025-02-19 04:22:34.600271,2025-02-19 04:22:35.758041,0 days 00:00:01.157770
IVF,64,2025-02-19 04:22:35.758114,2025-02-19 04:22:36.771569,0 days 00:00:01.013455
IVF,64,2025-02-19 04:22:36.771647,2025-02-19 04:22:37.773578,0 days 00:00:01.001931
IVF,64,2025-02-19 04:22:37.774274,2025-02-19 04:22:38.845268,0 days 00:00:01.070994
IVF,64,2025-02-19 04:22:38.845344,2025-02-19 04:22:39.821761,0 days 00:00:00.976417
IVF,64,2025-02-19 04:22:39.822442,2025-02-19 04:22:40.929191,0 days 00:00:01.106749
IVF,64,2025-02-19 04:22:40.929255,2025-02-19 04:22:42.084419,0 days 00:00:01.155164
IVF,64,2025-02-19 04:22:42.084669,2025-02-19 04:22:43.228298,0 days 00:00:01.143629
IVF,64,2025-02-19 04:22:43.228374,2025-02-19 04:22:44.379468,0 days 00:00:01.151094
IVF,64,2025-02-19 04:22:44.379539,2025-02-19 04:22:45.660694,0 days 00:00:01.281155
IVF,64,2025-02-19 04:22:45.660768,2025-02-19 04:22:46.761116,0 days 00:00:01.100348
IVF,64,2025-02-19 04:22:46.761199,2025-02-19 04:22:47.791718,0 days 00:00:01.030519
IVF,64,2025-02-19 04:22:47.791802,2025-02-19 04:22:48.836162,0 days 00:00:01.044360
IVF,64,2025-02-19 04:22:48.836238,2025-02-19 04:22:49.878699,0 days 00:00:01.042461
IVF,64,2025-02-19 04:22:49.878765,2025-02-19 04:22:50.909668,0 days 00:00:01.030903
IVF,64,2025-02-19 04:22:50.910028,2025-02-19 04:22:52.001029,0 days 00:00:01.091001
IVF,64,2025-02-19 04:22:52.001256,2025-02-19 04:22:53.022617,0 days 00:00:01.021361
IVF,64,2025-02-19 04:22:53.022696,2025-02-19 04:22:54.253673,0 days 00:00:01.230977
IVF,64,2025-02-19 04:22:54.253758,2025-02-19 04:22:55.316010,0 days 00:00:01.062252
IVF,64,2025-02-19 04:22:55.316081,2025-02-19 04:22:56.675566,0 days 00:00:01.359485
IVF,64,2025-02-19 04:22:56.675630,2025-02-19 04:22:57.919380,0 days 00:00:01.243750
IVF,64,2025-02-19 04:22:57.919455,2025-02-19 04:22:59.069939,0 days 00:00:01.150484
IVF,64,2025-02-19 04:22:59.070005,2025-02-19 04:23:00.125513,0 days 00:00:01.055508
IVF,64,2025-02-19 04:23:00.125586,2025-02-19 04:23:01.167738,0 days 00:00:01.042152
IVF,64,2025-02-19 04:23:01.167822,2025-02-19 04:23:02.222086,0 days 00:00:01.054264
IVF,64,2025-02-19 04:23:02.222243,2025-02-19 04:23:03.259365,0 days 00:00:01.037122
IVF,64,2025-02-19 04:23:03.259596,2025-02-19 04:23:04.391801,0 days 00:00:01.132205
IVF,64,2025-02-19 04:23:04.391867,2025-02-19 04:23:05.529975,0 days 00:00:01.138108
IVF,64,2025-02-19 04:23:05.530054,2025-02-19 04:23:06.684951,0 days 00:00:01.154897
IVF,64,2025-02-19 04:23:06.685029,2025-02-19 04:23:07.918615,0 days 00:00:01.233586
IVF,64,2025-02-19 04:23:07.918696,2025-02-19 04:23:08.998779,0 days 00:00:01.080083
IVF,64,2025-02-19 04:23:08.998843,2025-02-19 04:23:10.005981,0 days 00:00:01.007138
IVF,64,2025-02-19 04:23:10.006066,2025-02-19 04:23:11.063469,0 days 00:00:01.057403
IVF,64,2025-02-19 04:23:11.063532,2025-02-19 04:23:12.090371,0 days 00:00:01.026839
IVF,64,2025-02-19 04:23:12.090439,2025-02-19 04:23:13.103542,0 days 00:00:01.013103
IVF,64,2025-02-19 04:23:13.103618,2025-02-19 04:23:14.187838,0 days 00:00:01.084220
IVF,64,2025-02-19 04:23:14.187908,2025-02-19 04:23:15.291001,0 days 00:00:01.103093
IVF,64,2025-02-19 04:23:15.291092,2025-02-19 04:23:16.411799,0 days 00:00:01.120707
IVF,64,2025-02-19 04:23:16.411879,2025-02-19 04:23:17.525201,0 days 00:00:01.113322
IVF,64,2025-02-19 04:23:17.525284,2025-02-19 04:23:18.782518,0 days 00:00:01.257234
IVF,64,2025-02-19 04:23:18.782709,2025-02-19 04:23:19.995833,0 days 00:00:01.213124
IVF,64,2025-02-19 04:23:19.996391,2025-02-19 04:23:20.996656,0 days 00:00:01.000265
IVF,64,2025-02-19 04:23:20.996808,2025-02-19 04:23:22.059467,0 days 00:00:01.062659
IVF,64,2025-02-19 04:23:22.059697,2025-02-19 04:23:23.169914,0 days 00:00:01.110217
IVF,64,2025-02-19 04:23:23.169982,2025-02-19 04:23:24.229122,0 days 00:00:01.059140
IVF,64,2025-02-19 04:23:24.229212,2025-02-19 04:23:25.263646,0 days 00:00:01.034434
IVF,64,2025-02-19 04:23:25.263737,2025-02-19 04:23:26.491784,0 days 00:00:01.228047
IVF,64,2025-02-19 04:23:26.492118,2025-02-19 04:23:27.546305,0 days 00:00:01.054187
IVF,64,2025-02-19 04:23:27.546392,2025-02-19 04:23:28.691106,0 days 00:00:01.144714
IVF,64,2025-02-19 04:23:28.691185,2025-02-19 04:23:29.940621,0 days 00:00:01.249436
IVF,64,2025-02-19 04:23:29.940696,2025-02-19 04:23:31.051532,0 days 00:00:01.110836
IVF,64,2025-02-19 04:23:31.051603,2025-02-19 04:23:32.141008,0 days 00:00:01.089405
IVF,64,2025-02-19 04:23:32.141093,2025-02-19 04:23:33.142487,0 days 00:00:01.001394
IVF,64,2025-02-19 04:23:33.142561,2025-02-19 04:23:34.191887,0 days 00:00:01.049326
IVF,64,2025-02-19 04:23:34.192239,2025-02-19 04:23:35.353594,0 days 00:00:01.161355
IVF,64,2025-02-19 04:23:35.353670,2025-02-19 04:23:36.439772,0 days 00:00:01.086102
IVF,64,2025-02-19 04:23:36.439857,2025-02-19 04:23:37.664586,0 days 00:00:01.224729
IVF,64,2025-02-19 04:23:37.664836,2025-02-19 04:23:38.670012,0 days 00:00:01.005176
IVF,64,2025-02-19 04:23:38.670209,2025-02-19 04:23:39.905900,0 days 00:00:01.235691
IVF,64,2025-02-19 04:23:39.905978,2025-02-19 04:23:41.039261,0 days 00:00:01.133283
IVF,64,2025-02-19 04:23:41.039431,2025-02-19 04:23:42.132676,0 days 00:00:01.093245
IVF,64,2025-02-19 04:23:42.132771,2025-02-19 04:23:43.135499,0 days 00:00:01.002728
IVF,64,2025-02-19 04:23:43.135594,2025-02-19 04:23:44.100695,0 days 00:00:00.965101
IVF,64,2025-02-19 04:23:44.100776,2025-02-19 04:23:45.093406,0 days 00:00:00.992630
IVF,64,2025-02-19 04:23:45.093507,2025-02-19 04:23:46.165175,0 days 00:00:01.071668
IVF,64,2025-02-19 04:23:46.165253,2025-02-19 04:23:47.282379,0 days 00:00:01.117126
IVF,64,2025-02-19 04:23:47.282458,2025-02-19 04:23:48.430643,0 days 00:00:01.148185
IVF,64,2025-02-19 04:23:48.430707,2025-02-19 04:23:49.487016,0 days 00:00:01.056309
IVF,64,2025-02-19 04:23:49.487097,2025-02-19 04:23:50.545380,0 days 00:00:01.058283
IVF,64,2025-02-19 04:23:50.545464,2025-02-19 04:23:51.784960,0 days 00:00:01.239496
IVF,64,2025-02-19 04:23:51.785039,2025-02-19 04:23:53.033650,0 days 00:00:01.248611
IVF,64,2025-02-19 04:23:53.033731,2025-02-19 04:23:54.115932,0 days 00:00:01.082201
IVF,64,2025-02-19 04:23:54.115991,2025-02-19 04:23:55.240445,0 days 00:00:01.124454
IVF,64,2025-02-19 04:23:55.240518,2025-02-19 04:23:56.235629,0 days 00:00:00.995111
IVF,64,2025-02-19 04:23:56.235712,2025-02-19 04:23:57.308586,0 days 00:00:01.072874
IVF,64,2025-02-19 04:23:57.308669,2025-02-19 04:23:58.422758,0 days 00:00:01.114089
IVF,64,2025-02-19 04:23:58.422827,2025-02-19 04:23:59.538545,0 days 00:00:01.115718
IVF,64,2025-02-19 04:23:59.538623,2025-02-19 04:24:00.711249,0 days 00:00:01.172626
IVF,64,2025-02-19 04:24:00.711313,2025-02-19 04:24:01.798386,0 days 00:00:01.087073
IVF,64,2025-02-19 04:24:01.798475,2025-02-19 04:24:03.097991,0 days 00:00:01.299516
IVF,64,2025-02-19 04:24:03.098072,2025-02-19 04:24:04.243642,0 days 00:00:01.145570
IVF,64,2025-02-19 04:24:04.243732,2025-02-19 04:24:05.300411,0 days 00:00:01.056679
IVF,64,2025-02-19 04:24:05.300487,2025-02-19 04:24:06.288693,0 days 00:00:00.988206
IVF,64,2025-02-19 04:24:06.288849,2025-02-19 04:24:07.317675,0 days 00:00:01.028826
IVF,64,2025-02-19 04:24:07.317752,2025-02-19 04:24:08.379837,0 days 00:00:01.062085
IVF,64,2025-02-19 04:24:08.379910,2025-02-19 04:24:09.473393,0 days 00:00:01.093483
IVF,64,2025-02-19 04:24:09.473467,2025-02-19 04:24:10.506730,0 days 00:00:01.033263
IVF,64,2025-02-19 04:24:10.506812,2025-02-19 04:24:11.618410,0 days 00:00:01.111598
IVF,64,2025-02-19 04:24:11.618480,2025-02-19 04:24:12.774075,0 days 00:00:01.155595
IVF,64,2025-02-19 04:24:12.774171,2025-02-19 04:24:14.136970,0 days 00:00:01.362799
IVF,64,2025-02-19 04:24:14.137038,2025-02-19 04:24:15.295585,0 days 00:00:01.158547
IVF,64,2025-02-19 04:24:15.295674,2025-02-19 04:24:16.440220,0 days 00:00:01.144546
IVF,64,2025-02-19 04:24:16.440307,2025-02-19 04:24:17.484323,0 days 00:00:01.044016
IVF,64,2025-02-19 04:24:17.484442,2025-02-19 04:24:18.521448,0 days 00:00:01.037006
IVF,64,2025-02-19 04:24:18.521521,2025-02-19 04:24:19.581198,0 days 00:00:01.059677
IVF,64,2025-02-19 04:24:19.581278,2025-02-19 04:24:20.637722,0 days 00:00:01.056444
IVF,64,2025-02-19 04:24:20.637824,2025-02-19 04:24:21.766357,0 days 00:00:01.128533
IVF,64,2025-02-19 04:24:21.766441,2025-02-19 04:24:22.866827,0 days 00:00:01.100386
IVF,64,2025-02-19 04:24:22.866911,2025-02-19 04:24:23.904118,0 days 00:00:01.037207
IVF,64,2025-02-19 04:24:23.904214,2025-02-19 04:24:25.200442,0 days 00:00:01.296228
IVF,64,2025-02-19 04:24:25.200521,2025-02-19 04:24:26.402960,0 days 00:00:01.202439
IVF,64,2025-02-19 04:24:26.403067,2025-02-19 04:24:27.443313,0 days 00:00:01.040246
IVF,64,2025-02-19 04:24:27.443375,2025-02-19 04:24:28.449092,0 days 00:00:01.005717
IVF,64,2025-02-19 04:24:28.449187,2025-02-19 04:24:29.489250,0 days 00:00:01.040063
IVF,64,2025-02-19 04:24:29.489324,2025-02-19 04:24:30.622653,0 days 00:00:01.133329
IVF,64,2025-02-19 04:24:30.622709,2025-02-19 04:24:31.749031,0 days 00:00:01.126322
IVF,64,2025-02-19 04:24:31.749105,2025-02-19 04:24:32.903351,0 days 00:00:01.154246
IVF,64,2025-02-19 04:24:32.903437,2025-02-19 04:24:34.039598,0 days 00:00:01.136161
IVF,64,2025-02-19 04:24:34.039678,2025-02-19 04:24:35.167827,0 days 00:00:01.128149
IVF,64,2025-02-19 04:24:35.167895,2025-02-19 04:24:36.437751,0 days 00:00:01.269856
IVF,64,2025-02-19 04:24:36.437830,2025-02-19 04:24:37.572434,0 days 00:00:01.134604
IVF,64,2025-02-19 04:24:37.572505,2025-02-19 04:24:38.607182,0 days 00:00:01.034677
IVF,64,2025-02-19 04:24:38.607242,2025-02-19 04:24:39.670416,0 days 00:00:01.063174
IVF,64,2025-02-19 04:24:39.670484,2025-02-19 04:24:40.660060,0 days 00:00:00.989576
IVF,64,2025-02-19 04:24:40.660199,2025-02-19 04:24:41.686152,0 days 00:00:01.025953
IVF,64,2025-02-19 04:24:41.686230,2025-02-19 04:24:42.720345,0 days 00:00:01.034115
IVF,64,2025-02-19 04:24:42.720426,2025-02-19 04:24:43.831560,0 days 00:00:01.111134
IVF,64,2025-02-19 04:24:43.831642,2025-02-19 04:24:44.977776,0 days 00:00:01.146134
IVF,64,2025-02-19 04:24:44.977879,2025-02-19 04:24:46.030213,0 days 00:00:01.052334
IVF,64,2025-02-19 04:24:46.030293,2025-02-19 04:24:47.339662,0 days 00:00:01.309369
IVF,64,2025-02-19 04:24:47.339742,2025-02-19 04:24:48.510001,0 days 00:00:01.170259
IVF,64,2025-02-19 04:24:48.510077,2025-02-19 04:24:49.642517,0 days 00:00:01.132440
IVF,64,2025-02-19 04:24:49.642581,2025-02-19 04:24:50.718625,0 days 00:00:01.076044
IVF,64,2025-02-19 04:24:50.718687,2025-02-19 04:24:51.803568,0 days 00:00:01.084881
IVF,64,2025-02-19 04:24:51.803631,2025-02-19 04:24:52.904259,0 days 00:00:01.100628
IVF,64,2025-02-19 04:24:52.904334,2025-02-19 04:24:53.954771,0 days 00:00:01.050437
IVF,64,2025-02-19 04:24:53.954852,2025-02-19 04:24:54.945133,0 days 00:00:00.990281
IVF,64,2025-02-19 04:24:54.945466,2025-02-19 04:24:55.991634,0 days 00:00:01.046168
IVF,64,2025-02-19 04:24:55.992137,2025-02-19 04:24:57.079286,0 days 00:00:01.087149
IVF,64,2025-02-19 04:24:57.079371,2025-02-19 04:24:58.207126,0 days 00:00:01.127755
IVF,64,2025-02-19 04:24:58.207224,2025-02-19 04:24:59.418817,0 days 00:00:01.211593
IVF,64,2025-02-19 04:24:59.419524,2025-02-19 04:25:00.490765,0 days 00:00:01.071241
IVF,64,2025-02-19 04:25:00.490842,2025-02-19 04:25:01.576063,0 days 00:00:01.085221
IVF,64,2025-02-19 04:25:01.576125,2025-02-19 04:25:02.630573,0 days 00:00:01.054448
IVF,64,2025-02-19 04:25:02.630659,2025-02-19 04:25:03.607796,0 days 00:00:00.977137
IVF,64,2025-02-19 04:25:03.607876,2025-02-19 04:25:04.643998,0 days 00:00:01.036122
IVF,64,2025-02-19 04:25:04.644069,2025-02-19 04:25:05.703278,0 days 00:00:01.059209
IVF,64,2025-02-19 04:25:05.703367,2025-02-19 04:25:06.727744,0 days 00:00:01.024377
IVF,64,2025-02-19 04:25:06.727807,2025-02-19 04:25:07.900296,0 days 00:00:01.172489
IVF,64,2025-02-19 04:25:07.900357,2025-02-19 04:25:09.010648,0 days 00:00:01.110291
IVF,64,2025-02-19 04:25:09.010729,2025-02-19 04:25:10.311730,0 days 00:00:01.301001
IVF,64,2025-02-19 04:25:10.311819,2025-02-19 04:25:11.553603,0 days 00:00:01.241784
IVF,64,2025-02-19 04:25:11.553666,2025-02-19 04:25:12.591933,0 days 00:00:01.038267
IVF,64,2025-02-19 04:25:12.592016,2025-02-19 04:25:13.638562,0 days 00:00:01.046546
IVF,64,2025-02-19 04:25:13.638659,2025-02-19 04:25:14.603636,0 days 00:00:00.964977
IVF,64,2025-02-19 04:25:14.603858,2025-02-19 04:25:15.659712,0 days 00:00:01.055854
IVF,64,2025-02-19 04:25:15.659791,2025-02-19 04:25:16.674399,0 days 00:00:01.014608
IVF,64,2025-02-19 04:25:16.674550,2025-02-19 04:25:17.730746,0 days 00:00:01.056196
IVF,64,2025-02-19 04:25:17.730832,2025-02-19 04:25:18.890504,0 days 00:00:01.159672
IVF,64,2025-02-19 04:25:18.890591,2025-02-19 04:25:19.917222,0 days 00:00:01.026631
IVF,64,2025-02-19 04:25:19.917390,2025-02-19 04:25:21.176359,0 days 00:00:01.258969
IVF,64,2025-02-19 04:25:21.176436,2025-02-19 04:25:22.395290,0 days 00:00:01.218854
IVF,64,2025-02-19 04:25:22.395370,2025-02-19 04:25:23.496596,0 days 00:00:01.101226
IVF,64,2025-02-19 04:25:23.497025,2025-02-19 04:25:24.517625,0 days 00:00:01.020600
IVF,64,2025-02-19 04:25:24.517786,2025-02-19 04:25:25.445805,0 days 00:00:00.928019
IVF,64,2025-02-19 04:25:25.445876,2025-02-19 04:25:26.511260,0 days 00:00:01.065384
IVF,64,2025-02-19 04:25:26.511512,2025-02-19 04:25:27.690238,0 days 00:00:01.178726
IVF,64,2025-02-19 04:25:27.690479,2025-02-19 04:25:28.783388,0 days 00:00:01.092909
IVF,64,2025-02-19 04:25:28.783471,2025-02-19 04:25:29.937219,0 days 00:00:01.153748
IVF,64,2025-02-19 04:25:29.937291,2025-02-19 04:25:31.042746,0 days 00:00:01.105455
IVF,64,2025-02-19 04:25:31.042810,2025-02-19 04:25:32.244880,0 days 00:00:01.202070
IVF,64,2025-02-19 04:25:32.244973,2025-02-19 04:25:33.439608,0 days 00:00:01.194635
IVF,64,2025-02-19 04:25:33.439848,2025-02-19 04:25:34.511386,0 days 00:00:01.071538
IVF,64,2025-02-19 04:25:34.511460,2025-02-19 04:25:35.542494,0 days 00:00:01.031034
IVF,64,2025-02-19 04:25:35.542576,2025-02-19 04:25:36.552313,0 days 00:00:01.009737
IVF,64,2025-02-19 04:25:36.552393,2025-02-19 04:25:37.547210,0 days 00:00:00.994817
IVF,64,2025-02-19 04:25:37.547322,2025-02-19 04:25:38.658295,0 days 00:00:01.110973
IVF,64,2025-02-19 04:25:38.658380,2025-02-19 04:25:39.673785,0 days 00:00:01.015405
IVF,64,2025-02-19 04:25:39.674374,2025-02-19 04:25:40.755529,0 days 00:00:01.081155
IVF,64,2025-02-19 04:25:40.756010,2025-02-19 04:25:41.915908,0 days 00:00:01.159898
IVF,64,2025-02-19 04:25:41.915984,2025-02-19 04:25:43.076522,0 days 00:00:01.160538
IVF,64,2025-02-19 04:25:43.076599,2025-02-19 04:25:44.343945,0 days 00:00:01.267346
IVF,64,2025-02-19 04:25:44.344030,2025-02-19 04:25:45.463383,0 days 00:00:01.119353
IVF,64,2025-02-19 04:25:45.463453,2025-02-19 04:25:46.520005,0 days 00:00:01.056552
IVF,64,2025-02-19 04:25:46.520071,2025-02-19 04:25:47.495042,0 days 00:00:00.974971
IVF,64,2025-02-19 04:25:47.495125,2025-02-19 04:25:48.578377,0 days 00:00:01.083252
IVF,64,2025-02-19 04:25:48.578593,2025-02-19 04:25:49.660927,0 days 00:00:01.082334
IVF,64,2025-02-19 04:25:49.661004,2025-02-19 04:25:50.733772,0 days 00:00:01.072768
IVF,64,2025-02-19 04:25:50.733842,2025-02-19 04:25:51.883932,0 days 00:00:01.150090
IVF,64,2025-02-19 04:25:51.883999,2025-02-19 04:25:52.975932,0 days 00:00:01.091933
IVF,64,2025-02-19 04:25:52.976150,2025-02-19 04:25:54.209557,0 days 00:00:01.233407
IVF,64,2025-02-19 04:25:54.209645,2025-02-19 04:25:55.401297,0 days 00:00:01.191652
IVF,64,2025-02-19 04:25:55.401371,2025-02-19 04:25:56.465622,0 days 00:00:01.064251
IVF,64,2025-02-19 04:25:56.465715,2025-02-19 04:25:57.564303,0 days 00:00:01.098588
IVF,64,2025-02-19 04:25:57.564370,2025-02-19 04:25:58.558876,0 days 00:00:00.994506
IVF,64,2025-02-19 04:25:58.559086,2025-02-19 04:25:59.617039,0 days 00:00:01.057953
IVF,64,2025-02-19 04:25:59.617100,2025-02-19 04:26:00.708850,0 days 00:00:01.091750
IVF,64,2025-02-19 04:26:00.709174,2025-02-19 04:26:01.811953,0 days 00:00:01.102779
IVF,64,2025-02-19 04:26:01.812019,2025-02-19 04:26:02.947910,0 days 00:00:01.135891
IVF,64,2025-02-19 04:26:02.948027,2025-02-19 04:26:03.977414,0 days 00:00:01.029387
IVF,64,2025-02-19 04:26:03.977609,2025-02-19 04:26:05.205162,0 days 00:00:01.227553
IVF,64,2025-02-19 04:26:05.205244,2025-02-19 04:26:06.426848,0 days 00:00:01.221604
IVF,64,2025-02-19 04:26:06.426927,2025-02-19 04:26:07.540375,0 days 00:00:01.113448
IVF,64,2025-02-19 04:26:07.540449,2025-02-19 04:26:08.628179,0 days 00:00:01.087730
IVF,64,2025-02-19 04:26:08.628268,2025-02-19 04:26:09.677939,0 days 00:00:01.049671
IVF,64,2025-02-19 04:26:09.678086,2025-02-19 04:26:10.681358,0 days 00:00:01.003272
IVF,64,2025-02-19 04:26:10.681442,2025-02-19 04:26:11.690706,0 days 00:00:01.009264
IVF,64,2025-02-19 04:26:11.690785,2025-02-19 04:26:12.738129,0 days 00:00:01.047344
IVF,64,2025-02-19 04:26:12.738205,2025-02-19 04:26:13.880116,0 days 00:00:01.141911
IVF,64,2025-02-19 04:26:13.880191,2025-02-19 04:26:15.142285,0 days 00:00:01.262094
IVF,64,2025-02-19 04:26:15.142433,2025-02-19 04:26:16.238108,0 days 00:00:01.095675
IVF,64,2025-02-19 04:26:16.238178,2025-02-19 04:26:17.485123,0 days 00:00:01.246945
IVF,64,2025-02-19 04:26:17.485205,2025-02-19 04:26:18.524346,0 days 00:00:01.039141
IVF,64,2025-02-19 04:26:18.524420,2025-02-19 04:26:19.547671,0 days 00:00:01.023251
IVF,64,2025-02-19 04:26:19.547759,2025-02-19 04:26:20.585017,0 days 00:00:01.037258
IVF,64,2025-02-19 04:26:20.585504,2025-02-19 04:26:21.625117,0 days 00:00:01.039613
IVF,64,2025-02-19 04:26:21.625201,2025-02-19 04:26:22.675365,0 days 00:00:01.050164
IVF,64,2025-02-19 04:26:22.675465,2025-02-19 04:26:23.838382,0 days 00:00:01.162917
IVF,64,2025-02-19 04:26:23.838458,2025-02-19 04:26:24.864468,0 days 00:00:01.026010
IVF,64,2025-02-19 04:26:24.864542,2025-02-19 04:26:26.125240,0 days 00:00:01.260698
IVF,64,2025-02-19 04:26:26.125299,2025-02-19 04:26:27.221761,0 days 00:00:01.096462
IVF,64,2025-02-19 04:26:27.221838,2025-02-19 04:26:28.467219,0 days 00:00:01.245381
IVF,64,2025-02-19 04:26:28.467312,2025-02-19 04:26:29.640206,0 days 00:00:01.172894
IVF,64,2025-02-19 04:26:29.640272,2025-02-19 04:26:30.776418,0 days 00:00:01.136146
IVF,64,2025-02-19 04:26:30.776500,2025-02-19 04:26:31.755841,0 days 00:00:00.979341
IVF,64,2025-02-19 04:26:31.755918,2025-02-19 04:26:32.743852,0 days 00:00:00.987934
IVF,64,2025-02-19 04:26:32.743917,2025-02-19 04:26:33.829235,0 days 00:00:01.085318
IVF,64,2025-02-19 04:26:33.829302,2025-02-19 04:26:34.896498,0 days 00:00:01.067196
IVF,64,2025-02-19 04:26:34.896577,2025-02-19 04:26:36.024436,0 days 00:00:01.127859
IVF,64,2025-02-19 04:26:36.024518,2025-02-19 04:26:37.099069,0 days 00:00:01.074551
IVF,64,2025-02-19 04:26:37.099144,2025-02-19 04:26:38.125971,0 days 00:00:01.026827
IVF,64,2025-02-19 04:26:38.126058,2025-02-19 04:26:39.476321,0 days 00:00:01.350263
IVF,64,2025-02-19 04:26:39.476389,2025-02-19 04:26:40.643808,0 days 00:00:01.167419
IVF,64,2025-02-19 04:26:40.643886,2025-02-19 04:26:41.681542,0 days 00:00:01.037656
IVF,64,2025-02-19 04:26:41.681602,2025-02-19 04:26:42.670058,0 days 00:00:00.988456
IVF,64,2025-02-19 04:26:42.670140,2025-02-19 04:26:43.700277,0 days 00:00:01.030137
IVF,64,2025-02-19 04:26:43.700345,2025-02-19 04:26:44.694492,0 days 00:00:00.994147
IVF,64,2025-02-19 04:26:44.694573,2025-02-19 04:26:45.775048,0 days 00:00:01.080475
IVF,64,2025-02-19 04:26:45.775118,2025-02-19 04:26:46.892908,0 days 00:00:01.117790
IVF,64,2025-02-19 04:26:46.892971,2025-02-19 04:26:48.125935,0 days 00:00:01.232964
IVF,64,2025-02-19 04:26:48.126001,2025-02-19 04:26:49.186499,0 days 00:00:01.060498
IVF,64,2025-02-19 04:26:49.186571,2025-02-19 04:26:50.393270,0 days 00:00:01.206699
IVF,64,2025-02-19 04:26:50.393373,2025-02-19 04:26:51.604938,0 days 00:00:01.211565
IVF,64,2025-02-19 04:26:51.605010,2025-02-19 04:26:52.681395,0 days 00:00:01.076385
IVF,64,2025-02-19 04:26:52.681473,2025-02-19 04:26:53.703449,0 days 00:00:01.021976
IVF,64,2025-02-19 04:26:53.703513,2025-02-19 04:26:54.649852,0 days 00:00:00.946339
IVF,64,2025-02-19 04:26:54.649931,2025-02-19 04:26:55.580186,0 days 00:00:00.930255
IVF,64,2025-02-19 04:26:55.580664,2025-02-19 04:26:56.644330,0 days 00:00:01.063666
IVF,64,2025-02-19 04:26:56.644420,2025-02-19 04:26:57.686344,0 days 00:00:01.041924
IVF,64,2025-02-19 04:26:57.686417,2025-02-19 04:26:58.719948,0 days 00:00:01.033531
IVF,64,2025-02-19 04:26:58.720013,2025-02-19 04:26:59.662236,0 days 00:00:00.942223
IVF,64,2025-02-19 04:26:59.662313,2025-02-19 04:27:00.592484,0 days 00:00:00.930171
IVF,64,2025-02-19 04:27:00.592555,2025-02-19 04:27:01.526700,0 days 00:00:00.934145
IVF,64,2025-02-19 04:27:01.526802,2025-02-19 04:27:02.489015,0 days 00:00:00.962213
IVF,64,2025-02-19 04:27:02.489088,2025-02-19 04:27:03.464029,0 days 00:00:00.974941
