time,workload,cpu (%),mem_usage,mem_limit,mem_%,net_i/o_used,net_i/o_total,block_i/o_used,block_i/o_total
"2025-02-17 05:31:31.100667
",breadthFirstSearch,216.29,0.02603515625,96.0,0.03%,0.0,0.0,0.896484375,0.0
"2025-02-17 05:31:31.100667
",x265,4011.36,2.328,96.0,2.42%,0.0,0.0,0.0,0.0
"2025-02-17 05:31:33.431521
",breadthFirstSearch,224.68,0.039375,96.0,0.04%,0.0,0.0,1.79,0.0
"2025-02-17 05:31:33.431521
",x265,4359.41,2.873,96.0,2.99%,0.0,0.0,0.0,0.0
"2025-02-17 05:31:35.443640
",breadthFirstSearch,191.82,0.0533203125,96.0,0.06%,0.0,0.0,2.78,0.0
"2025-02-17 05:31:35.443640
",x265,4441.25,2.885,96.0,3.01%,0.0,0.0,0.0,0.0
"2025-02-17 05:31:37.453161
",breadthFirstSearch,198.96,0.064404296875,96.0,0.07%,0.0,0.0,3.78,0.0
"2025-02-17 05:31:37.453161
",x265,4603.56,2.887,96.0,3.01%,0.0,0.0,0.0,0.0
"2025-02-17 05:31:39.463684
",breadthFirstSearch,194.23,0.07623046875,96.0,0.08%,0.0,0.0,4.78,0.0
"2025-02-17 05:31:39.463684
",x265,4538.46,2.887,96.0,3.01%,0.0,0.0,0.0,0.0
"2025-02-17 05:31:41.475025
",breadthFirstSearch,195.83,0.087685546875,96.0,0.09%,0.0,0.0,5.76,0.0
"2025-02-17 05:31:41.475025
",x265,4468.21,2.887,96.0,3.01%,0.0,0.0,0.0,0.0
"2025-02-17 05:31:43.484936
",breadthFirstSearch,201.83,0.0969921875,96.0,0.10%,0.0,0.0,6.65,0.0
"2025-02-17 05:31:43.484936
",x265,4569.70,2.887,96.0,3.01%,0.0,0.0,0.0,0.0
"2025-02-17 05:31:45.495281
",breadthFirstSearch,181.86,0.10888671875,96.0,0.11%,0.0,0.0,7.65,0.0
"2025-02-17 05:31:45.495281
",x265,4846.78,2.912,96.0,3.03%,0.0,0.0,0.0,0.0
"2025-02-17 05:31:47.503628
",breadthFirstSearch,180.89,0.12021484375,96.0,0.13%,0.0,0.0,8.64,0.0
"2025-02-17 05:31:47.503628
",x265,4455.09,2.912,96.0,3.03%,0.0,0.0,0.0,0.0
"2025-02-17 05:31:49.513211
",breadthFirstSearch,183.51,0.13154296875,96.0,0.14%,0.0,0.0,9.62,0.0
"2025-02-17 05:31:49.513211
",x265,4416.94,2.917,96.0,3.04%,0.0,0.0,0.0,0.0
"2025-02-17 05:31:51.520134
",breadthFirstSearch,185.49,0.1421875,96.0,0.15%,0.0,0.0,10.6,0.0
"2025-02-17 05:31:51.520134
",x265,4493.53,2.917,96.0,3.04%,0.0,0.0,0.0,0.0
"2025-02-17 05:31:53.529967
",breadthFirstSearch,182.67,0.15263671875,96.0,0.16%,0.0,0.0,11.5,0.0
"2025-02-17 05:31:53.529967
",x265,4602.35,2.917,96.0,3.04%,0.0,0.0,0.0,0.0
"2025-02-17 05:31:55.542590
",breadthFirstSearch,183.56,0.1642578125,96.0,0.17%,0.0,0.0,12.4,0.0
"2025-02-17 05:31:55.542590
",x265,4642.15,2.926,96.0,3.05%,0.0,0.0,0.0,0.0
"2025-02-17 05:31:57.551803
",breadthFirstSearch,185.32,0.17431640625,96.0,0.18%,0.0,0.0,13.4,0.0
"2025-02-17 05:31:57.551803
",x265,4380.88,2.926,96.0,3.05%,0.0,0.0,0.0,0.0
"2025-02-17 05:31:59.562273
",breadthFirstSearch,202.69,0.18623046875,96.0,0.19%,0.0,0.0,14.4,0.0
"2025-02-17 05:31:59.562273
",x265,4521.47,2.927,96.0,3.05%,0.0,0.0,0.0,0.0
"2025-02-17 05:32:01.570702
",breadthFirstSearch,178.03,0.19677734375,96.0,0.20%,0.0,0.0,15.3,0.0
"2025-02-17 05:32:01.570702
",x265,4448.59,2.927,96.0,3.05%,0.0,0.0,0.0,0.0
"2025-02-17 05:32:03.579695
",breadthFirstSearch,197.77,0.2068359375,96.0,0.22%,0.0,0.0,16.2,0.0
"2025-02-17 05:32:03.579695
",x265,4608.82,2.927,96.0,3.05%,0.0,0.0,0.0,0.0
"2025-02-17 05:32:05.589908
",breadthFirstSearch,183.73,0.21845703125,96.0,0.23%,0.0,0.0,17.3,0.0
"2025-02-17 05:32:05.589908
",x265,4887.17,2.927,96.0,3.05%,0.0,0.0,0.0,0.0
"2025-02-17 05:32:07.600297
",breadthFirstSearch,196.72,0.230078125,96.0,0.24%,0.0,0.0,18.2,0.0
"2025-02-17 05:32:07.600297
",x265,4273.33,2.927,96.0,3.05%,0.0,0.0,0.0,0.0
"2025-02-17 05:32:09.611087
",breadthFirstSearch,172.31,0.24150390625,96.0,0.25%,0.0,0.0,19.2,0.0
"2025-02-17 05:32:09.611087
",x265,5089.03,2.938,96.0,3.06%,0.0,0.0,0.0,0.0
"2025-02-17 05:32:11.621053
",breadthFirstSearch,170.30,0.2517578125,96.0,0.26%,0.0,0.0,20.2,0.0
"2025-02-17 05:32:11.621053
",x265,4673.75,2.973,96.0,3.10%,0.0,0.0,0.0,0.0
"2025-02-17 05:32:13.629595
",breadthFirstSearch,198.44,0.2623046875,96.0,0.27%,0.0,0.0,21.1,0.0
"2025-02-17 05:32:13.629595
",x265,4512.70,2.987,96.0,3.11%,0.0,0.0,0.0,0.0
"2025-02-17 05:32:15.639128
",breadthFirstSearch,196.01,0.27265625,96.0,0.28%,0.0,0.0,22.1,0.0
"2025-02-17 05:32:15.639128
",x265,4411.10,2.987,96.0,3.11%,0.0,0.0,0.0,0.0
"2025-02-17 05:32:17.651985
",breadthFirstSearch,212.61,0.28251953125,96.0,0.29%,0.0,0.0,23.1,0.0
"2025-02-17 05:32:17.651985
",x265,2082.69,0.40732421875,96.0,0.42%,0.0,0.0,0.0,0.0007028579711914062
"2025-02-17 05:32:19.664327
",breadthFirstSearch,220.37,0.2908203125,96.0,0.30%,0.0,0.0,24.1,0.0
"2025-02-17 05:32:19.664327
",x265,4106.00,2.445,96.0,2.55%,0.0,0.0,0.0,0.0007028579711914062
"2025-02-17 05:32:21.680697
",breadthFirstSearch,177.24,0.30654296875,96.0,0.32%,0.0,0.0,25.1,0.0
"2025-02-17 05:32:21.680697
",x265,4097.11,2.882,96.0,3.00%,0.0,0.0,0.0,0.0007028579711914062
"2025-02-17 05:32:23.689668
",breadthFirstSearch,196.03,0.319140625,96.0,0.33%,0.0,0.0,26.0,0.0
"2025-02-17 05:32:23.689668
",x265,4605.69,2.883,96.0,3.00%,0.0,0.0,0.0,0.0007028579711914062
"2025-02-17 05:32:25.698746
",breadthFirstSearch,183.90,0.33037109375,96.0,0.34%,0.0,0.0,27.0,0.0
"2025-02-17 05:32:25.698746
",x265,4294.92,2.883,96.0,3.00%,0.0,0.0,0.0,0.0007028579711914062
"2025-02-17 05:32:27.709933
",breadthFirstSearch,197.11,0.34150390625,96.0,0.36%,0.0,0.0,28.0,0.0
"2025-02-17 05:32:27.709933
",x265,4540.91,2.885,96.0,3.00%,0.0,0.0,0.0,0.0007028579711914062
"2025-02-17 05:32:29.719770
",breadthFirstSearch,197.54,0.352734375,96.0,0.37%,0.0,0.0,29.0,0.0
"2025-02-17 05:32:29.719770
",x265,4484.77,2.885,96.0,3.00%,0.0,0.0,0.0,0.0007028579711914062
"2025-02-17 05:32:31.727954
",breadthFirstSearch,181.82,0.3654296875,96.0,0.38%,0.0,0.0,30.0,0.0
"2025-02-17 05:32:31.727954
",x265,4866.55,2.885,96.0,3.00%,0.0,0.0,0.0,0.0007028579711914062
"2025-02-17 05:32:33.738491
",breadthFirstSearch,183.99,0.37607421875,96.0,0.39%,0.0,0.0,31.0,0.0
"2025-02-17 05:32:33.738491
",x265,4530.72,2.897,96.0,3.02%,0.0,0.0,0.0,0.0007028579711914062
"2025-02-17 05:32:35.747237
",breadthFirstSearch,191.60,0.387890625,96.0,0.40%,0.0,0.0,32.0,0.0
"2025-02-17 05:32:35.747237
",x265,4603.46,2.904,96.0,3.03%,0.0,0.0,0.0,0.0007028579711914062
"2025-02-17 05:32:37.758842
",breadthFirstSearch,187.60,0.39794921875,96.0,0.41%,0.0,0.0,33.0,0.0
"2025-02-17 05:32:37.758842
",x265,4563.71,2.909,96.0,3.03%,0.0,0.0,0.0,0.0007028579711914062
"2025-02-17 05:32:39.767680
",breadthFirstSearch,248.70,0.4095703125,96.0,0.43%,0.0,0.0,34.0,0.0
"2025-02-17 05:32:39.767680
",x265,2858.29,2.909,96.0,3.03%,0.0,0.0,0.0,0.0007028579711914062
"2025-02-17 05:32:41.777373
",breadthFirstSearch,141.54,0.41982421875,96.0,0.44%,0.0,0.0,34.9,0.0
"2025-02-17 05:32:41.777373
",x265,4682.51,2.909,96.0,3.03%,0.0,0.0,0.0,0.0007028579711914062
"2025-02-17 05:32:43.790064
",breadthFirstSearch,185.75,0.43037109375,96.0,0.45%,0.0,0.0,35.9,0.0
"2025-02-17 05:32:43.790064
",x265,4426.56,2.912,96.0,3.03%,0.0,0.0,0.0,0.0007028579711914062
"2025-02-17 05:32:45.801724
",breadthFirstSearch,176.94,0.44287109375,96.0,0.46%,0.0,0.0,36.9,0.0
"2025-02-17 05:32:45.801724
",x265,4827.20,2.919,96.0,3.04%,0.0,0.0,0.0,0.0007028579711914062
"2025-02-17 05:32:47.813310
",breadthFirstSearch,181.85,0.45390625,96.0,0.47%,0.0,0.0,37.9,0.0
"2025-02-17 05:32:47.813310
",x265,4388.55,2.919,96.0,3.04%,0.0,0.0,0.0,0.0007028579711914062
"2025-02-17 05:32:49.821464
",breadthFirstSearch,194.47,0.46484375,96.0,0.48%,0.0,0.0,38.9,0.0
"2025-02-17 05:32:49.821464
",x265,4354.64,2.919,96.0,3.04%,0.0,0.0,0.0,0.0007028579711914062
"2025-02-17 05:32:51.830445
",breadthFirstSearch,151.95,0.47529296875,96.0,0.50%,0.0,0.0,39.7,0.0
"2025-02-17 05:32:51.830445
",x265,4499.45,2.919,96.0,3.04%,0.0,0.0,0.0,0.0007028579711914062
"2025-02-17 05:32:53.840183
",breadthFirstSearch,188.53,0.4875,96.0,0.51%,0.0,0.0,40.7,0.0
"2025-02-17 05:32:53.840183
",x265,4623.16,2.919,96.0,3.04%,0.0,0.0,0.0,0.0007028579711914062
"2025-02-17 05:32:55.852718
",breadthFirstSearch,178.15,0.4982421875,96.0,0.52%,0.0,0.0,41.7,0.0
"2025-02-17 05:32:55.852718
",x265,4584.36,2.919,96.0,3.04%,0.0,0.0,0.0,0.0007028579711914062
"2025-02-17 05:32:57.864198
",breadthFirstSearch,187.91,0.50947265625,96.0,0.53%,0.0,0.0,42.7,0.0
"2025-02-17 05:32:57.864198
",x265,4753.67,2.933,96.0,3.06%,0.0,0.0,0.0,0.0007028579711914062
"2025-02-17 05:32:59.873270
",breadthFirstSearch,189.17,0.52099609375,96.0,0.54%,0.0,0.0,43.7,0.0
"2025-02-17 05:32:59.873270
",x265,4745.20,2.965,96.0,3.09%,0.0,0.0,0.0,0.0007028579711914062
"2025-02-17 05:33:01.883114
",breadthFirstSearch,1115.07,1.275,96.0,1.33%,0.0,0.0,44.6,0.0
"2025-02-17 05:33:01.883114
",x265,4816.87,2.99,96.0,3.11%,0.0,0.0,0.0,0.0007028579711914062
"2025-02-17 05:33:03.895152
",breadthFirstSearch,5013.92,14.57,96.0,15.18%,0.0,0.0,44.6,0.0
"2025-02-17 05:33:03.895152
",x265,3694.17,2.99,96.0,3.11%,0.0,0.0,0.0,0.0007028579711914062
"2025-02-17 05:33:05.909669
",breadthFirstSearch,4983.34,27.95,96.0,29.12%,0.0,0.0,44.6,0.0
"2025-02-17 05:33:05.909669
",x265,3603.59,2.99,96.0,3.11%,0.0,0.0,0.0,0.0007028579711914062
"2025-02-17 05:33:07.922985
",breadthFirstSearch,4797.22,38.33,96.0,39.93%,0.0,0.0,44.6,0.0
"2025-02-17 05:33:07.922985
",x265,16.11,0.003005859375,96.0,0.00%,0.0,0.0,0.001220703125,0.001435546875
"2025-02-17 05:33:09.932749
",breadthFirstSearch,4793.59,49.72,96.0,51.80%,0.0,0.0,44.6,0.0
"2025-02-17 05:33:09.932749
",x265,0.00,0.00258984375,96.0,0.00%,0.0,0.0,0.001220703125,0.001435546875
"2025-02-17 05:33:11.940396
",breadthFirstSearch,4796.20,54.45,96.0,56.72%,0.0,0.0,44.6,0.0
"2025-02-17 05:33:11.940396
",x265,0.00,0.002453125,96.0,0.00%,0.0,0.0,0.001220703125,0.001435546875
"2025-02-17 05:33:13.947429
",breadthFirstSearch,4788.53,61.42,96.0,63.98%,0.0,0.0,44.7,0.0
"2025-02-17 05:33:13.947429
",x265,0.00,0.0024453125,96.0,0.00%,0.0,0.0,0.001220703125,0.001435546875
"2025-02-17 05:33:15.954835
",breadthFirstSearch,4547.04,66.95,96.0,69.74%,0.0,0.0,45.2,0.0
"2025-02-17 05:33:15.954835
",x265,0.00,0.0024453125,96.0,0.00%,0.0,0.0,0.001220703125,0.001435546875
"2025-02-17 05:33:17.962680
",breadthFirstSearch,794.58,75.01,96.0,78.13%,0.0,0.0,45.7,0.0
"2025-02-17 05:33:17.962680
",x265,0.00,0.0024453125,96.0,0.00%,0.0,0.0,0.001220703125,0.001435546875
"2025-02-17 05:33:19.974986
",breadthFirstSearch,4794.57,81.46,96.0,84.86%,0.0,0.0,45.7,0.0
"2025-02-17 05:33:19.974986
",x265,0.00,0.0024453125,96.0,0.00%,0.0,0.0,0.001220703125,0.001435546875
"2025-02-17 05:33:21.982769
",breadthFirstSearch,4784.36,88.25,96.0,91.93%,0.0,0.0,45.7,0.0
"2025-02-17 05:33:21.982769
",x265,0.00,0.0024453125,96.0,0.00%,0.0,0.0,0.001220703125,0.001435546875
"2025-02-17 05:33:23.990352
",breadthFirstSearch,3724.62,89.15,96.0,92.87%,0.0,0.0,45.7,0.0
"2025-02-17 05:33:23.990352
",x265,0.00,0.0024453125,96.0,0.00%,0.0,0.0,0.001220703125,0.001435546875
"2025-02-17 05:33:25.998625
",breadthFirstSearch,99.56,70.39,96.0,73.33%,0.0,0.0,45.7,0.0
"2025-02-17 05:33:25.998625
",x265,0.00,0.0024453125,96.0,0.00%,0.0,0.0,0.001220703125,0.001435546875
"2025-02-17 05:33:28.010415
",breadthFirstSearch,99.85,47.25,96.0,49.22%,0.0,0.0,45.7,0.0
"2025-02-17 05:33:28.010415
",x265,0.00,0.0024453125,96.0,0.00%,0.0,0.0,0.001220703125,0.001435546875
"2025-02-17 05:33:30.020912
",breadthFirstSearch,2319.14,29.8,96.0,31.05%,0.0,0.0,45.7,0.0
"2025-02-17 05:33:30.020912
",x265,0.00,0.0024453125,96.0,0.00%,0.0,0.0,0.001220703125,0.001435546875
"2025-02-17 05:33:32.029502
",breadthFirstSearch,4793.96,29.93,96.0,31.18%,0.0,0.0,45.7,0.0
"2025-02-17 05:33:32.029502
",x265,0.00,0.0024453125,96.0,0.00%,0.0,0.0,0.001220703125,0.001435546875
"2025-02-17 05:33:34.039560
",breadthFirstSearch,4800.82,29.99,96.0,31.24%,0.0,0.0,45.7,0.0
"2025-02-17 05:33:34.039560
",x265,0.00,0.0024453125,96.0,0.00%,0.0,0.0,0.001220703125,0.001435546875
"2025-02-17 05:33:36.052447
",breadthFirstSearch,4790.29,29.99,96.0,31.24%,0.0,0.0,45.7,0.0
"2025-02-17 05:33:36.052447
",x265,0.00,0.0024453125,96.0,0.00%,0.0,0.0,0.001220703125,0.001435546875
"2025-02-17 05:33:38.058904
",breadthFirstSearch,1133.76,32.39,96.0,33.74%,0.0,0.0,45.7,0.0
"2025-02-17 05:33:38.058904
",x265,0.00,0.0024453125,96.0,0.00%,0.0,0.0,0.001220703125,0.001435546875
"2025-02-17 05:33:40.071037
",breadthFirstSearch,0.13,32.39,96.0,33.73%,0.0,0.0,45.7,0.0
"2025-02-17 05:33:40.071037
",x265,0.00,0.0024453125,96.0,0.00%,0.0,0.0,0.001220703125,0.001435546875
"2025-02-17 05:33:42.079332
",breadthFirstSearch,0.11,32.38,96.0,33.73%,0.0,0.0,45.7,0.0
"2025-02-17 05:33:42.079332
",x265,0.00,0.0024453125,96.0,0.00%,0.0,0.0,0.001220703125,0.001435546875
"2025-02-17 05:33:44.090288
",breadthFirstSearch,0.09,32.38,96.0,33.73%,0.0,0.0,45.7,0.0
"2025-02-17 05:33:44.090288
",x265,0.00,0.0024453125,96.0,0.00%,0.0,0.0,0.001220703125,0.001435546875
"2025-02-17 05:33:46.098893
",breadthFirstSearch,0.08,32.38,96.0,33.73%,0.0,0.0,45.7,0.0
"2025-02-17 05:33:46.098893
",x265,0.00,0.0024453125,96.0,0.00%,0.0,0.0,0.001220703125,0.001435546875
"2025-02-17 05:33:48.108524
",breadthFirstSearch,0.08,32.38,96.0,33.73%,0.0,0.0,45.7,0.0
"2025-02-17 05:33:48.108524
",x265,0.00,0.0024453125,96.0,0.00%,0.0,0.0,0.001220703125,0.001435546875
"2025-02-17 05:33:50.119709
",breadthFirstSearch,0.08,32.38,96.0,33.73%,0.0,0.0,45.7,0.0
"2025-02-17 05:33:50.119709
",x265,0.00,0.0024453125,96.0,0.00%,0.0,0.0,0.001220703125,0.001435546875
"2025-02-17 05:33:52.129855
",breadthFirstSearch,0.08,32.38,96.0,33.73%,0.0,0.0,45.7,0.0
"2025-02-17 05:33:52.129855
",x265,0.00,0.0024453125,96.0,0.00%,0.0,0.0,0.001220703125,0.001435546875
"2025-02-17 05:33:54.140471
",breadthFirstSearch,0.07,32.38,96.0,33.73%,0.0,0.0,45.7,0.0
"2025-02-17 05:33:54.140471
",x265,0.00,0.0024453125,96.0,0.00%,0.0,0.0,0.001220703125,0.001435546875
"2025-02-17 05:33:56.149960
",breadthFirstSearch,0.07,32.38,96.0,33.73%,0.0,0.0,45.7,0.0
"2025-02-17 05:33:56.149960
",x265,0.00,0.0024453125,96.0,0.00%,0.0,0.0,0.001220703125,0.001435546875
"2025-02-17 05:33:58.160472
",breadthFirstSearch,0.07,32.38,96.0,33.73%,0.0,0.0,45.7,0.0
"2025-02-17 05:33:58.160472
",x265,0.00,0.0024453125,96.0,0.00%,0.0,0.0,0.001220703125,0.001435546875
"2025-02-17 05:34:00.170121
",breadthFirstSearch,0.07,32.38,96.0,33.73%,0.0,0.0,45.7,0.0
"2025-02-17 05:34:00.170121
",x265,0.00,0.0024453125,96.0,0.00%,0.0,0.0,0.001220703125,0.001435546875
"2025-02-17 05:34:02.181109
",breadthFirstSearch,0.08,32.38,96.0,33.73%,0.0,0.0,45.7,0.0
"2025-02-17 05:34:02.181109
",x265,0.00,0.0024453125,96.0,0.00%,0.0,0.0,0.001220703125,0.001435546875
"2025-02-17 05:34:04.201445
",breadthFirstSearch,0.07,32.38,96.0,33.73%,0.0,0.0,45.7,0.0
"2025-02-17 05:34:04.201445
",x265,0.00,0.0024453125,96.0,0.00%,0.0,0.0,0.001220703125,0.001435546875
"2025-02-17 05:34:06.211745
",breadthFirstSearch,0.07,32.38,96.0,33.73%,0.0,0.0,45.7,0.0
"2025-02-17 05:34:06.211745
",x265,0.00,0.0024453125,96.0,0.00%,0.0,0.0,0.001220703125,0.001435546875
"2025-02-17 05:34:08.221947
",breadthFirstSearch,0.07,32.38,96.0,33.73%,0.0,0.0,45.7,0.0
"2025-02-17 05:34:08.221947
",x265,0.00,0.0024453125,96.0,0.00%,0.0,0.0,0.001220703125,0.001435546875
"2025-02-17 05:34:10.230318
",breadthFirstSearch,0.07,32.38,96.0,33.73%,0.0,0.0,45.7,0.0
"2025-02-17 05:34:10.230318
",x265,0.00,0.0024453125,96.0,0.00%,0.0,0.0,0.001220703125,0.001435546875
"2025-02-17 05:34:12.239469
",breadthFirstSearch,0.07,32.38,96.0,33.73%,0.0,0.0,45.7,0.0
"2025-02-17 05:34:12.239469
",x265,0.00,0.0024453125,96.0,0.00%,0.0,0.0,0.001220703125,0.001435546875
"2025-02-17 05:34:14.250134
",breadthFirstSearch,0.07,32.38,96.0,33.73%,0.0,0.0,45.7,0.0
"2025-02-17 05:34:14.250134
",x265,0.00,0.0024453125,96.0,0.00%,0.0,0.0,0.001220703125,0.001435546875
"2025-02-17 05:34:16.260438
",breadthFirstSearch,0.07,32.38,96.0,33.73%,0.0,0.0,45.7,0.0
"2025-02-17 05:34:16.260438
",x265,0.00,0.0024453125,96.0,0.00%,0.0,0.0,0.001220703125,0.001435546875
"2025-02-17 05:34:18.270287
",breadthFirstSearch,0.07,32.38,96.0,33.73%,0.0,0.0,45.7,0.0
"2025-02-17 05:34:18.270287
",x265,0.00,0.0024453125,96.0,0.00%,0.0,0.0,0.001220703125,0.001435546875
"2025-02-17 05:34:20.279858
",breadthFirstSearch,0.07,32.38,96.0,33.73%,0.0,0.0,45.7,0.0
"2025-02-17 05:34:20.279858
",x265,0.00,0.0024453125,96.0,0.00%,0.0,0.0,0.001220703125,0.001435546875
"2025-02-17 05:34:22.289241
",breadthFirstSearch,0.07,32.38,96.0,33.73%,0.0,0.0,45.7,0.0
"2025-02-17 05:34:22.289241
",x265,0.00,0.0024453125,96.0,0.00%,0.0,0.0,0.001220703125,0.001435546875
"2025-02-17 05:34:24.298761
",breadthFirstSearch,0.03,32.38,96.0,33.73%,0.0,0.0,45.7,0.0
"2025-02-17 05:34:24.298761
",x265,0.00,0.0024453125,96.0,0.00%,0.0,0.0,0.001220703125,0.001435546875
"2025-02-17 05:34:26.310204
",breadthFirstSearch,0.00,32.38,96.0,33.73%,0.0,0.0,45.7,0.0
"2025-02-17 05:34:26.310204
",x265,0.00,0.0024453125,96.0,0.00%,0.0,0.0,0.001220703125,0.001435546875
"2025-02-17 05:34:28.319531
",breadthFirstSearch,0.00,32.38,96.0,33.73%,0.0,0.0,45.7,0.0
"2025-02-17 05:34:28.319531
",x265,0.00,0.0024453125,96.0,0.00%,0.0,0.0,0.001220703125,0.001435546875
"2025-02-17 05:34:30.328505
",breadthFirstSearch,0.00,32.38,96.0,33.73%,0.0,0.0,45.7,0.0
"2025-02-17 05:34:30.328505
",x265,0.00,0.0024453125,96.0,0.00%,0.0,0.0,0.001220703125,0.001435546875
"2025-02-17 05:34:32.338815
",breadthFirstSearch,0.00,32.38,96.0,33.73%,0.0,0.0,45.7,0.0
"2025-02-17 05:34:32.338815
",x265,0.00,0.0024453125,96.0,0.00%,0.0,0.0,0.001220703125,0.001435546875
"2025-02-17 05:34:34.346952
",breadthFirstSearch,0.00,32.38,96.0,33.73%,0.0,0.0,45.7,0.0
"2025-02-17 05:34:34.346952
",x265,0.00,0.0024453125,96.0,0.00%,0.0,0.0,0.001220703125,0.001435546875
"2025-02-17 05:34:36.358260
",breadthFirstSearch,0.00,32.38,96.0,33.73%,0.0,0.0,45.7,0.0
"2025-02-17 05:34:36.358260
",x265,0.00,0.0024453125,96.0,0.00%,0.0,0.0,0.001220703125,0.001435546875
"2025-02-17 05:34:38.367706
",breadthFirstSearch,0.00,32.38,96.0,33.73%,0.0,0.0,45.7,0.0
"2025-02-17 05:34:38.367706
",x265,0.00,0.0024453125,96.0,0.00%,0.0,0.0,0.001220703125,0.001435546875
"2025-02-17 05:34:40.377784
",breadthFirstSearch,0.00,32.38,96.0,33.73%,0.0,0.0,45.7,0.0
"2025-02-17 05:34:40.377784
",x265,0.00,0.0024453125,96.0,0.00%,0.0,0.0,0.001220703125,0.001435546875
"2025-02-17 05:34:42.389975
",breadthFirstSearch,0.00,32.38,96.0,33.73%,0.0,0.0,45.7,0.0
"2025-02-17 05:34:42.389975
",x265,0.00,0.0024453125,96.0,0.00%,0.0,0.0,0.001220703125,0.001435546875
"2025-02-17 05:34:44.399287
",breadthFirstSearch,0.00,32.38,96.0,33.73%,0.0,0.0,45.7,0.0
"2025-02-17 05:34:44.399287
",x265,0.00,0.0024453125,96.0,0.00%,0.0,0.0,0.001220703125,0.001435546875
"2025-02-17 05:34:46.408265
",breadthFirstSearch,0.00,32.38,96.0,33.73%,0.0,0.0,45.7,0.0
"2025-02-17 05:34:46.408265
",x265,0.00,0.0024453125,96.0,0.00%,0.0,0.0,0.001220703125,0.001435546875
"2025-02-17 05:34:48.418130
",breadthFirstSearch,0.00,32.38,96.0,33.73%,0.0,0.0,45.7,0.0
"2025-02-17 05:34:48.418130
",x265,0.00,0.0024453125,96.0,0.00%,0.0,0.0,0.001220703125,0.001435546875
"2025-02-17 05:34:50.428264
",breadthFirstSearch,4899.10,32.39,96.0,33.74%,0.0,0.0,45.7,0.0
"2025-02-17 05:34:50.428264
",x265,2778.71,1.832,96.0,1.91%,0.0,0.0,0.00951171875,0.001435546875
"2025-02-17 05:34:52.437866
",breadthFirstSearch,4891.74,32.39,96.0,33.74%,0.0,0.0,45.7,0.0
"2025-02-17 05:34:52.437866
",x265,3702.67,2.882,96.0,3.00%,0.0,0.0,0.009658203125,0.001435546875
"2025-02-17 05:34:54.450210
",breadthFirstSearch,4885.16,32.39,96.0,33.74%,0.0,0.0,45.7,0.0
"2025-02-17 05:34:54.450210
",x265,3806.70,2.902,96.0,3.02%,0.0,0.0,0.0146484375,0.001435546875
"2025-02-17 05:34:56.459985
",breadthFirstSearch,4888.28,32.39,96.0,33.74%,0.0,0.0,45.7,0.0
"2025-02-17 05:34:56.459985
",x265,3711.97,2.901,96.0,3.02%,0.0,0.0,0.0146484375,0.001435546875
"2025-02-17 05:34:58.473340
",breadthFirstSearch,4872.75,34.2,96.0,35.63%,0.0,0.0,45.7,0.0
"2025-02-17 05:34:58.473340
",x265,3732.67,2.901,96.0,3.02%,0.0,0.0,0.0146484375,0.001435546875
"2025-02-17 05:35:00.477178
",breadthFirstSearch,4806.95,34.79,96.0,36.23%,0.0,0.0,45.7,0.0
"2025-02-17 05:35:00.477178
",x265,3643.88,2.903,96.0,3.02%,0.0,0.0,0.01552734375,0.001435546875
"2025-02-17 05:35:02.487100
",breadthFirstSearch,4939.54,34.79,96.0,36.24%,0.0,0.0,45.7,0.0
"2025-02-17 05:35:02.487100
",x265,3711.58,2.903,96.0,3.02%,0.0,0.0,0.01572265625,0.001435546875
"2025-02-17 05:35:04.497333
",breadthFirstSearch,4941.83,34.79,96.0,36.24%,0.0,0.0,45.7,0.0
"2025-02-17 05:35:04.497333
",x265,3651.40,2.904,96.0,3.03%,0.0,0.0,0.01630859375,0.001435546875
"2025-02-17 05:35:06.508630
",breadthFirstSearch,4897.25,34.79,96.0,36.24%,0.0,0.0,45.7,0.0
"2025-02-17 05:35:06.508630
",x265,3658.65,2.904,96.0,3.03%,0.0,0.0,0.01630859375,0.001435546875
"2025-02-17 05:35:08.518683
",breadthFirstSearch,4891.15,34.79,96.0,36.24%,0.0,0.0,45.7,0.0
"2025-02-17 05:35:08.518683
",x265,3819.48,2.932,96.0,3.05%,0.0,0.0,0.02587890625,0.001435546875
"2025-02-17 05:35:10.532033
",breadthFirstSearch,4928.69,34.79,96.0,36.24%,0.0,0.0,45.7,0.0
"2025-02-17 05:35:10.532033
",x265,3650.52,2.977,96.0,3.10%,0.0,0.0,0.0677734375,0.001435546875
"2025-02-17 05:35:12.538981
",breadthFirstSearch,4937.06,34.79,96.0,36.24%,0.0,0.0,45.7,0.0
"2025-02-17 05:35:12.538981
",x265,3474.34,2.992,96.0,3.12%,0.0,0.0,0.08349609375,0.001435546875
"2025-02-17 05:35:14.548013
",breadthFirstSearch,4760.03,34.79,96.0,36.24%,0.0,0.0,45.7,0.0
"2025-02-17 05:35:14.548013
",x265,4126.04,2.997,96.0,3.12%,0.0,0.0,0.08349609375,0.001435546875
"2025-02-17 05:35:16.559963
",breadthFirstSearch,4756.37,34.79,96.0,36.24%,0.0,0.0,45.7,0.0
"2025-02-17 05:35:16.559963
",x265,3713.97,3.014,96.0,3.14%,0.0,0.0,0.1015625,0.001435546875
"2025-02-17 05:35:18.568978
",breadthFirstSearch,4903.71,34.79,96.0,36.24%,0.0,0.0,45.7,0.0
"2025-02-17 05:35:18.568978
",x265,3782.36,3.028,96.0,3.15%,0.0,0.0,0.1162109375,0.001435546875
"2025-02-17 05:35:20.585252
",breadthFirstSearch,4879.66,34.79,96.0,36.24%,0.0,0.0,45.7,0.0
"2025-02-17 05:35:20.585252
",x265,3795.41,3.043,96.0,3.17%,0.0,0.0,0.1298828125,0.001435546875
"2025-02-17 05:35:22.592359
",breadthFirstSearch,4848.51,34.79,96.0,36.24%,0.0,0.0,45.7,0.0
"2025-02-17 05:35:22.592359
",x265,3790.35,3.061,96.0,3.19%,0.0,0.0,0.142578125,0.001435546875
"2025-02-17 05:35:24.602959
",breadthFirstSearch,4929.17,34.79,96.0,36.24%,0.0,0.0,45.7,0.0
"2025-02-17 05:35:24.602959
",x265,3588.77,3.106,96.0,3.24%,0.0,0.0,0.189453125,0.001435546875
"2025-02-17 05:35:26.611788
",breadthFirstSearch,4931.87,34.79,96.0,36.24%,0.0,0.0,45.7,0.0
"2025-02-17 05:35:26.611788
",x265,3588.79,3.15,96.0,3.28%,0.0,0.0,0.2353515625,0.001435546875
"2025-02-17 05:35:28.622573
",breadthFirstSearch,4930.30,34.79,96.0,36.24%,0.0,0.0,45.7,0.0
"2025-02-17 05:35:28.622573
",x265,3648.06,3.154,96.0,3.29%,0.0,0.0,0.23828125,0.001435546875
"2025-02-17 05:35:30.634481
",breadthFirstSearch,4859.28,34.79,96.0,36.24%,0.0,0.0,45.7,0.0
"2025-02-17 05:35:30.634481
",x265,3854.68,3.166,96.0,3.30%,0.0,0.0,0.25,0.001435546875
"2025-02-17 05:35:32.643573
",breadthFirstSearch,4978.19,34.79,96.0,36.24%,0.0,0.0,45.7,0.0
"2025-02-17 05:35:32.643573
",x265,3527.84,3.165,96.0,3.30%,0.0,0.0,0.25,0.001435546875
"2025-02-17 05:35:34.652162
",breadthFirstSearch,4929.35,34.79,96.0,36.24%,0.0,0.0,45.7,0.0
"2025-02-17 05:35:34.652162
",x265,3538.44,3.164,96.0,3.30%,0.0,0.0,0.25,0.001435546875
"2025-02-17 05:35:36.661990
",breadthFirstSearch,4861.29,34.79,96.0,36.24%,0.0,0.0,45.7,0.0
"2025-02-17 05:35:36.661990
",x265,3628.92,3.164,96.0,3.30%,0.0,0.0,0.25,0.001435546875
"2025-02-17 05:35:38.673253
",breadthFirstSearch,4956.65,34.79,96.0,36.24%,0.0,0.0,45.7,0.0
"2025-02-17 05:35:38.673253
",x265,3544.17,3.175,96.0,3.31%,0.0,0.0,0.25,0.001435546875
"2025-02-17 05:35:40.689057
",breadthFirstSearch,4547.05,34.79,96.0,36.24%,0.0,0.0,45.7,0.0
"2025-02-17 05:35:40.689057
",x265,4488.77,3.175,96.0,3.31%,0.0,0.0,0.25,0.001435546875
"2025-02-17 05:35:42.701934
",breadthFirstSearch,4925.66,34.79,96.0,36.24%,0.0,0.0,45.7,0.0
"2025-02-17 05:35:42.701934
",x265,3584.08,3.199,96.0,3.33%,0.0,0.0,0.251953125,0.001435546875
"2025-02-17 05:35:44.708562
",breadthFirstSearch,4822.32,34.79,96.0,36.24%,0.0,0.0,45.7,0.0
"2025-02-17 05:35:44.708562
",x265,3815.13,3.232,96.0,3.37%,0.0,0.0,0.2666015625,0.001435546875
"2025-02-17 05:35:46.720831
",breadthFirstSearch,4806.02,34.79,96.0,36.24%,0.0,0.0,45.7,0.0
"2025-02-17 05:35:46.720831
",x265,3798.10,3.23,96.0,3.37%,0.0,0.0,0.2666015625,0.001435546875
"2025-02-17 05:35:48.730756
",breadthFirstSearch,4951.96,34.79,96.0,36.24%,0.0,0.0,45.7,0.0
"2025-02-17 05:35:48.730756
",x265,3424.67,3.23,96.0,3.36%,0.0,0.0,0.2666015625,0.001435546875
"2025-02-17 05:35:50.741579
",breadthFirstSearch,4881.90,34.79,96.0,36.24%,0.0,0.0,45.7,0.0
"2025-02-17 05:35:50.741579
",x265,996.14,0.68544921875,96.0,0.71%,0.0,0.0,0.2666015625,0.00208984375
"2025-02-17 05:35:52.751169
",breadthFirstSearch,4987.48,34.79,96.0,36.24%,0.0,0.0,45.7,0.0
"2025-02-17 05:35:52.751169
",x265,3388.06,2.49,96.0,2.59%,0.0,0.0,0.2666015625,0.00208984375
"2025-02-17 05:35:54.768081
",breadthFirstSearch,4800.71,34.79,96.0,36.24%,0.0,0.0,45.7,0.0
"2025-02-17 05:35:54.768081
",x265,2831.78,3.126,96.0,3.26%,0.0,0.0,0.2666015625,0.00208984375
"2025-02-17 05:35:56.778304
",breadthFirstSearch,4901.78,34.8,96.0,36.25%,0.0,0.0,45.7,0.0
"2025-02-17 05:35:56.778304
",x265,3726.24,3.141,96.0,3.27%,0.0,0.0,0.2666015625,0.00208984375
"2025-02-17 05:35:58.790312
",breadthFirstSearch,4868.30,34.8,96.0,36.25%,0.0,0.0,45.7,0.0
"2025-02-17 05:35:58.790312
",x265,3774.95,3.142,96.0,3.27%,0.0,0.0,0.2666015625,0.00208984375
"2025-02-17 05:36:00.803771
",breadthFirstSearch,4929.16,34.8,96.0,36.25%,0.0,0.0,45.7,0.0
"2025-02-17 05:36:00.803771
",x265,3623.62,3.142,96.0,3.27%,0.0,0.0,0.2666015625,0.00208984375
"2025-02-17 05:36:02.811803
",breadthFirstSearch,4872.39,34.8,96.0,36.25%,0.0,0.0,45.7,0.0
"2025-02-17 05:36:02.811803
",x265,3608.09,3.143,96.0,3.27%,0.0,0.0,0.2666015625,0.00208984375
"2025-02-17 05:36:04.823262
",breadthFirstSearch,4860.69,34.8,96.0,36.25%,0.0,0.0,45.7,0.0
"2025-02-17 05:36:04.823262
",x265,3699.13,3.143,96.0,3.27%,0.0,0.0,0.2666015625,0.00208984375
"2025-02-17 05:36:06.834075
",breadthFirstSearch,4911.16,34.8,96.0,36.25%,0.0,0.0,45.7,0.0
"2025-02-17 05:36:06.834075
",x265,3651.95,3.142,96.0,3.27%,0.0,0.0,0.2666015625,0.00208984375
"2025-02-17 05:36:08.843412
",breadthFirstSearch,4891.25,34.8,96.0,36.25%,0.0,0.0,45.7,0.0
"2025-02-17 05:36:08.843412
",x265,3671.14,3.142,96.0,3.27%,0.0,0.0,0.2666015625,0.00208984375
"2025-02-17 05:36:10.853609
",breadthFirstSearch,4929.69,34.8,96.0,36.25%,0.0,0.0,45.7,0.0
"2025-02-17 05:36:10.853609
",x265,3665.27,3.158,96.0,3.29%,0.0,0.0,0.2666015625,0.00208984375
"2025-02-17 05:36:12.866259
",breadthFirstSearch,4911.34,34.8,96.0,36.25%,0.0,0.0,45.7,0.0
"2025-02-17 05:36:12.866259
",x265,3700.63,3.168,96.0,3.30%,0.0,0.0,0.2666015625,0.00208984375
"2025-02-17 05:36:14.874877
",breadthFirstSearch,4797.59,34.8,96.0,36.25%,0.0,0.0,45.7,0.0
"2025-02-17 05:36:14.874877
",x265,3843.56,3.167,96.0,3.30%,0.0,0.0,0.2666015625,0.00208984375
"2025-02-17 05:36:16.884534
",breadthFirstSearch,4771.12,34.8,96.0,36.25%,0.0,0.0,45.7,0.0
"2025-02-17 05:36:16.884534
",x265,4086.20,3.173,96.0,3.31%,0.0,0.0,0.2666015625,0.00208984375
"2025-02-17 05:36:18.896859
",breadthFirstSearch,4871.27,34.8,96.0,36.25%,0.0,0.0,45.7,0.0
"2025-02-17 05:36:18.896859
",x265,3707.19,3.172,96.0,3.30%,0.0,0.0,0.2666015625,0.00208984375
"2025-02-17 05:36:20.906358
",breadthFirstSearch,4878.28,34.8,96.0,36.25%,0.0,0.0,45.7,0.0
"2025-02-17 05:36:20.906358
",x265,3757.90,3.172,96.0,3.30%,0.0,0.0,0.2666015625,0.00208984375
"2025-02-17 05:36:22.916652
",breadthFirstSearch,4850.26,34.8,96.0,36.25%,0.0,0.0,45.7,0.0
"2025-02-17 05:36:22.916652
",x265,3698.33,3.172,96.0,3.30%,0.0,0.0,0.2666015625,0.00208984375
"2025-02-17 05:36:24.926946
",breadthFirstSearch,4944.38,34.8,96.0,36.25%,0.0,0.0,45.7,0.0
"2025-02-17 05:36:24.926946
",x265,3617.03,3.178,96.0,3.31%,0.0,0.0,0.2666015625,0.00208984375
"2025-02-17 05:36:26.936999
",breadthFirstSearch,4930.71,34.8,96.0,36.25%,0.0,0.0,45.7,0.0
"2025-02-17 05:36:26.936999
",x265,3696.82,3.179,96.0,3.31%,0.0,0.0,0.2666015625,0.00208984375
"2025-02-17 05:36:28.945702
",breadthFirstSearch,4906.24,34.8,96.0,36.25%,0.0,0.0,45.7,0.0
"2025-02-17 05:36:28.945702
",x265,3546.66,3.179,96.0,3.31%,0.0,0.0,0.2666015625,0.00208984375
"2025-02-17 05:36:30.958327
",breadthFirstSearch,4869.87,34.8,96.0,36.25%,0.0,0.0,45.7,0.0
"2025-02-17 05:36:30.958327
",x265,3664.63,3.179,96.0,3.31%,0.0,0.0,0.2666015625,0.00208984375
"2025-02-17 05:36:32.969575
",breadthFirstSearch,4847.76,34.8,96.0,36.25%,0.0,0.0,45.7,0.0
"2025-02-17 05:36:32.969575
",x265,3659.47,3.179,96.0,3.31%,0.0,0.0,0.2666015625,0.00208984375
"2025-02-17 05:36:34.981923
",breadthFirstSearch,4908.55,34.8,96.0,36.25%,0.0,0.0,45.7,0.0
"2025-02-17 05:36:34.981923
",x265,3598.95,3.179,96.0,3.31%,0.0,0.0,0.2666015625,0.00208984375
"2025-02-17 05:36:36.992189
",breadthFirstSearch,4927.78,34.8,96.0,36.25%,0.0,0.0,45.7,0.0
"2025-02-17 05:36:36.992189
",x265,3650.68,3.179,96.0,3.31%,0.0,0.0,0.2666015625,0.00208984375
"2025-02-17 05:36:39.004512
",breadthFirstSearch,4835.81,34.8,96.0,36.25%,0.0,0.0,45.7,0.0
"2025-02-17 05:36:39.004512
",x265,3735.13,3.179,96.0,3.31%,0.0,0.0,0.2666015625,0.00208984375
"2025-02-17 05:36:41.014081
",breadthFirstSearch,4622.91,34.8,96.0,36.25%,0.0,0.0,45.7,0.0
"2025-02-17 05:36:41.014081
",x265,3946.40,3.194,96.0,3.33%,0.0,0.0,0.2666015625,0.00208984375
"2025-02-17 05:36:43.025935
",breadthFirstSearch,4620.31,34.8,96.0,36.25%,0.0,0.0,45.7,0.0
"2025-02-17 05:36:43.025935
",x265,4469.18,3.206,96.0,3.34%,0.0,0.0,0.2666015625,0.00208984375
"2025-02-17 05:36:45.039021
",breadthFirstSearch,4868.34,34.8,96.0,36.25%,0.0,0.0,45.7,0.0
"2025-02-17 05:36:45.039021
",x265,3663.31,3.23,96.0,3.36%,0.0,0.0,0.2666015625,0.00208984375
"2025-02-17 05:36:47.054031
",breadthFirstSearch,4841.07,34.8,96.0,36.25%,0.0,0.0,45.7,0.0
"2025-02-17 05:36:47.054031
",x265,3765.08,3.242,96.0,3.38%,0.0,0.0,0.2666015625,0.00208984375
"2025-02-17 05:36:49.060730
",breadthFirstSearch,4933.80,34.8,96.0,36.25%,0.0,0.0,45.7,0.0
"2025-02-17 05:36:49.060730
",x265,3521.77,3.243,96.0,3.38%,0.0,0.0,0.2666015625,0.00208984375
"2025-02-17 05:36:51.071654
",breadthFirstSearch,4942.56,34.8,96.0,36.25%,0.0,0.0,45.7,0.0
"2025-02-17 05:36:51.071654
",x265,3557.90,3.243,96.0,3.38%,0.0,0.0,0.2666015625,0.00208984375
"2025-02-17 05:36:53.084616
",breadthFirstSearch,4801.39,34.8,96.0,36.25%,0.0,0.0,45.7,0.0
"2025-02-17 05:36:53.084616
",x265,781.50,1.14,96.0,1.19%,0.0,0.0,0.2666015625,0.00283203125
"2025-02-17 05:36:55.095684
",breadthFirstSearch,4953.60,34.8,96.0,36.25%,0.0,0.0,45.7,0.0
"2025-02-17 05:36:55.095684
",x265,3588.65,2.885,96.0,3.00%,0.0,0.0,0.2666015625,0.00283203125
"2025-02-17 05:36:57.111328
",breadthFirstSearch,4938.83,34.8,96.0,36.25%,0.0,0.0,45.7,0.0
"2025-02-17 05:36:57.111328
",x265,3619.75,3.141,96.0,3.27%,0.0,0.0,0.2666015625,0.00283203125
"2025-02-17 05:36:59.126900
",breadthFirstSearch,4854.91,34.8,96.0,36.25%,0.0,0.0,45.7,0.0
"2025-02-17 05:36:59.126900
",x265,3708.26,3.142,96.0,3.27%,0.0,0.0,0.2666015625,0.00283203125
"2025-02-17 05:37:01.131256
",breadthFirstSearch,4931.19,34.8,96.0,36.25%,0.0,0.0,45.7,0.0
"2025-02-17 05:37:01.131256
",x265,3716.60,3.143,96.0,3.27%,0.0,0.0,0.2666015625,0.00283203125
"2025-02-17 05:37:03.143363
",breadthFirstSearch,4939.92,34.8,96.0,36.25%,0.0,0.0,45.7,0.0
"2025-02-17 05:37:03.143363
",x265,3719.75,3.143,96.0,3.27%,0.0,0.0,0.2666015625,0.00283203125
"2025-02-17 05:37:05.151676
",breadthFirstSearch,4909.22,34.8,96.0,36.25%,0.0,0.0,45.7,0.0
"2025-02-17 05:37:05.151676
",x265,3661.56,3.144,96.0,3.27%,0.0,0.0,0.2666015625,0.00283203125
"2025-02-17 05:37:07.162416
",breadthFirstSearch,4785.70,34.8,96.0,36.25%,0.0,0.0,45.7,0.0
"2025-02-17 05:37:07.162416
",x265,3682.11,3.144,96.0,3.28%,0.0,0.0,0.2666015625,0.00283203125
"2025-02-17 05:37:09.170012
",breadthFirstSearch,4846.66,34.8,96.0,36.25%,0.0,0.0,45.7,0.0
"2025-02-17 05:37:09.170012
",x265,3721.86,3.144,96.0,3.27%,0.0,0.0,0.2666015625,0.00283203125
"2025-02-17 05:37:11.181653
",breadthFirstSearch,5004.02,34.8,96.0,36.25%,0.0,0.0,45.7,0.0
"2025-02-17 05:37:11.181653
",x265,3629.33,3.144,96.0,3.28%,0.0,0.0,0.2666015625,0.00283203125
"2025-02-17 05:37:13.188973
",breadthFirstSearch,4963.34,34.8,96.0,36.25%,0.0,0.0,45.7,0.0
"2025-02-17 05:37:13.188973
",x265,3628.82,3.161,96.0,3.29%,0.0,0.0,0.2666015625,0.00283203125
"2025-02-17 05:37:15.200479
",breadthFirstSearch,4821.93,34.8,96.0,36.25%,0.0,0.0,45.7,0.0
"2025-02-17 05:37:15.200479
",x265,3735.95,3.166,96.0,3.30%,0.0,0.0,0.2666015625,0.00283203125
"2025-02-17 05:37:17.211172
",breadthFirstSearch,4925.43,34.8,96.0,36.25%,0.0,0.0,45.7,0.0
"2025-02-17 05:37:17.211172
",x265,3619.62,3.165,96.0,3.30%,0.0,0.0,0.2666015625,0.00283203125
"2025-02-17 05:37:19.220780
",breadthFirstSearch,4622.05,34.8,96.0,36.25%,0.0,0.0,45.7,0.0
"2025-02-17 05:37:19.220780
",x265,4362.24,3.172,96.0,3.30%,0.0,0.0,0.2666015625,0.00283203125
"2025-02-17 05:37:21.236275
",breadthFirstSearch,4862.13,34.8,96.0,36.25%,0.0,0.0,45.7,0.0
"2025-02-17 05:37:21.236275
",x265,3861.55,3.171,96.0,3.30%,0.0,0.0,0.2666015625,0.00283203125
"2025-02-17 05:37:23.246074
",breadthFirstSearch,4970.25,34.8,96.0,36.25%,0.0,0.0,45.7,0.0
"2025-02-17 05:37:23.246074
",x265,3704.82,3.171,96.0,3.30%,0.0,0.0,0.2666015625,0.00283203125
"2025-02-17 05:37:25.256678
",breadthFirstSearch,4899.08,34.8,96.0,36.25%,0.0,0.0,45.7,0.0
"2025-02-17 05:37:25.256678
",x265,3745.97,3.171,96.0,3.30%,0.0,0.0,0.2666015625,0.00283203125
"2025-02-17 05:37:27.265840
",breadthFirstSearch,4886.90,34.8,96.0,36.25%,0.0,0.0,45.7,0.0
"2025-02-17 05:37:27.265840
",x265,3694.83,3.178,96.0,3.31%,0.0,0.0,0.2666015625,0.00283203125
"2025-02-17 05:37:29.275472
",breadthFirstSearch,4945.51,34.8,96.0,36.25%,0.0,0.0,45.7,0.0
"2025-02-17 05:37:29.275472
",x265,3627.57,3.179,96.0,3.31%,0.0,0.0,0.2666015625,0.00283203125
"2025-02-17 05:37:31.286214
",breadthFirstSearch,4901.13,34.8,96.0,36.25%,0.0,0.0,45.7,0.0
"2025-02-17 05:37:31.286214
",x265,3599.18,3.179,96.0,3.31%,0.0,0.0,0.2666015625,0.00283203125
"2025-02-17 05:37:33.296909
",breadthFirstSearch,4938.40,34.8,96.0,36.25%,0.0,0.0,45.7,0.0
"2025-02-17 05:37:33.296909
",x265,3664.42,3.178,96.0,3.31%,0.0,0.0,0.2666015625,0.00283203125
"2025-02-17 05:37:35.307149
",breadthFirstSearch,4852.98,34.8,96.0,36.25%,0.0,0.0,45.7,0.0
"2025-02-17 05:37:35.307149
",x265,3797.27,3.178,96.0,3.31%,0.0,0.0,0.2666015625,0.00283203125
"2025-02-17 05:37:37.316525
",breadthFirstSearch,4924.25,34.8,96.0,36.25%,0.0,0.0,45.7,0.0
"2025-02-17 05:37:37.316525
",x265,3596.97,3.178,96.0,3.31%,0.0,0.0,0.2666015625,0.00283203125
"2025-02-17 05:37:39.328427
",breadthFirstSearch,4919.77,34.8,96.0,36.25%,0.0,0.0,45.7,0.0
"2025-02-17 05:37:39.328427
",x265,3677.00,3.178,96.0,3.31%,0.0,0.0,0.2666015625,0.00283203125
"2025-02-17 05:37:41.340210
",breadthFirstSearch,4909.98,34.8,96.0,36.25%,0.0,0.0,45.7,0.0
"2025-02-17 05:37:41.340210
",x265,3719.62,3.178,96.0,3.31%,0.0,0.0,0.2666015625,0.00283203125
"2025-02-17 05:37:43.349289
",breadthFirstSearch,4825.19,34.8,96.0,36.25%,0.0,0.0,45.7,0.0
"2025-02-17 05:37:43.349289
",x265,3741.93,3.192,96.0,3.33%,0.0,0.0,0.2666015625,0.00283203125
"2025-02-17 05:37:45.358463
",breadthFirstSearch,4750.83,34.8,96.0,36.25%,0.0,0.0,45.7,0.0
"2025-02-17 05:37:45.358463
",x265,4439.61,3.205,96.0,3.34%,0.0,0.0,0.2666015625,0.00283203125
"2025-02-17 05:37:47.395518
",breadthFirstSearch,4894.77,34.8,96.0,36.25%,0.0,0.0,45.7,0.0
"2025-02-17 05:37:47.395518
",x265,3754.51,3.226,96.0,3.36%,0.0,0.0,0.2666015625,0.00283203125
"2025-02-17 05:37:49.405753
",breadthFirstSearch,4820.76,34.8,96.0,36.25%,0.0,0.0,45.7,0.0
"2025-02-17 05:37:49.405753
",x265,3775.89,3.243,96.0,3.38%,0.0,0.0,0.2666015625,0.00283203125
"2025-02-17 05:37:51.416660
",breadthFirstSearch,4855.39,34.8,96.0,36.25%,0.0,0.0,45.7,0.0
"2025-02-17 05:37:51.416660
",x265,3694.19,3.243,96.0,3.38%,0.0,0.0,0.2666015625,0.00283203125
"2025-02-17 05:37:53.427260
",breadthFirstSearch,4976.29,34.8,96.0,36.25%,0.0,0.0,45.7,0.0
"2025-02-17 05:37:53.427260
",x265,3203.60,3.243,96.0,3.38%,0.0,0.0,0.2666015625,0.00283203125
"2025-02-17 05:37:55.435979
",breadthFirstSearch,4817.20,34.8,96.0,36.25%,0.0,0.0,45.7,0.0
"2025-02-17 05:37:55.435979
",x265,865.77,0.864453125,96.0,0.90%,0.0,0.0,0.2666015625,0.002861328125
"2025-02-17 05:37:57.447172
",breadthFirstSearch,4958.91,34.8,96.0,36.25%,0.0,0.0,45.7,0.0
"2025-02-17 05:37:57.447172
",x265,3410.81,2.654,96.0,2.76%,0.0,0.0,0.2666015625,0.002861328125
"2025-02-17 05:37:59.459810
",breadthFirstSearch,4819.63,34.8,96.0,36.25%,0.0,0.0,45.7,0.0
"2025-02-17 05:37:59.459810
",x265,3785.69,3.141,96.0,3.27%,0.0,0.0,0.2666015625,0.002861328125
"2025-02-17 05:38:01.472841
",breadthFirstSearch,4919.77,34.8,96.0,36.25%,0.0,0.0,45.7,0.0
"2025-02-17 05:38:01.472841
",x265,3671.91,3.141,96.0,3.27%,0.0,0.0,0.2666015625,0.002861328125
"2025-02-17 05:38:03.483940
",breadthFirstSearch,4870.62,34.8,96.0,36.25%,0.0,0.0,45.7,0.0
"2025-02-17 05:38:03.483940
",x265,3613.70,3.142,96.0,3.27%,0.0,0.0,0.2666015625,0.002861328125
"2025-02-17 05:38:05.496050
",breadthFirstSearch,4919.86,34.8,96.0,36.25%,0.0,0.0,45.7,0.0
"2025-02-17 05:38:05.496050
",x265,3678.30,3.143,96.0,3.27%,0.0,0.0,0.2666015625,0.002861328125
"2025-02-17 05:38:07.509782
",breadthFirstSearch,4923.61,34.8,96.0,36.25%,0.0,0.0,45.7,0.0
"2025-02-17 05:38:07.509782
",x265,3710.16,3.143,96.0,3.27%,0.0,0.0,0.2666015625,0.002861328125
"2025-02-17 05:38:09.517535
",breadthFirstSearch,4848.54,34.8,96.0,36.25%,0.0,0.0,45.7,0.0
"2025-02-17 05:38:09.517535
",x265,3815.17,3.144,96.0,3.28%,0.0,0.0,0.2666015625,0.002861328125
"2025-02-17 05:38:11.530016
",breadthFirstSearch,4974.52,34.8,96.0,36.25%,0.0,0.0,45.7,0.0
"2025-02-17 05:38:11.530016
",x265,3510.84,3.143,96.0,3.27%,0.0,0.0,0.2666015625,0.002861328125
"2025-02-17 05:38:13.540672
",breadthFirstSearch,4836.71,34.8,96.0,36.25%,0.0,0.0,45.7,0.0
"2025-02-17 05:38:13.540672
",x265,3814.70,3.143,96.0,3.27%,0.0,0.0,0.2666015625,0.002861328125
"2025-02-17 05:38:15.552493
",breadthFirstSearch,4940.65,34.8,96.0,36.25%,0.0,0.0,45.7,0.0
"2025-02-17 05:38:15.552493
",x265,3699.82,3.17,96.0,3.30%,0.0,0.0,0.2666015625,0.002861328125
"2025-02-17 05:38:17.561397
",breadthFirstSearch,4851.00,34.8,96.0,36.25%,0.0,0.0,45.7,0.0
"2025-02-17 05:38:17.561397
",x265,3730.06,3.17,96.0,3.30%,0.0,0.0,0.2666015625,0.002861328125
"2025-02-17 05:38:19.569782
",breadthFirstSearch,4786.99,34.8,96.0,36.25%,0.0,0.0,45.7,0.0
"2025-02-17 05:38:19.569782
",x265,3783.75,3.174,96.0,3.31%,0.0,0.0,0.2666015625,0.002861328125
"2025-02-17 05:38:21.581386
",breadthFirstSearch,4575.09,34.8,96.0,36.25%,0.0,0.0,45.7,0.0
"2025-02-17 05:38:21.581386
",x265,4524.29,3.176,96.0,3.31%,0.0,0.0,0.2666015625,0.002861328125
"2025-02-17 05:38:23.593041
",breadthFirstSearch,4844.63,34.8,96.0,36.25%,0.0,0.0,45.7,0.0
"2025-02-17 05:38:23.593041
",x265,3781.68,3.176,96.0,3.31%,0.0,0.0,0.2666015625,0.002861328125
"2025-02-17 05:38:25.600639
",breadthFirstSearch,4904.70,34.8,96.0,36.25%,0.0,0.0,45.7,0.0
"2025-02-17 05:38:25.600639
",x265,3631.78,3.176,96.0,3.31%,0.0,0.0,0.2666015625,0.002861328125
"2025-02-17 05:38:27.612235
",breadthFirstSearch,4953.16,34.8,96.0,36.25%,0.0,0.0,45.7,0.0
"2025-02-17 05:38:27.612235
",x265,3705.40,3.186,96.0,3.32%,0.0,0.0,0.2666015625,0.002861328125
"2025-02-17 05:38:29.621708
",breadthFirstSearch,4920.58,34.8,96.0,36.25%,0.0,0.0,45.7,0.0
"2025-02-17 05:38:29.621708
",x265,3764.43,3.186,96.0,3.32%,0.0,0.0,0.2666015625,0.002861328125
"2025-02-17 05:38:31.631707
",breadthFirstSearch,4737.40,34.8,96.0,36.25%,0.0,0.0,45.7,0.0
"2025-02-17 05:38:31.631707
",x265,3779.74,3.186,96.0,3.32%,0.0,0.0,0.2666015625,0.002861328125
"2025-02-17 05:38:33.644671
",breadthFirstSearch,4863.28,34.8,96.0,36.25%,0.0,0.0,45.7,0.0
"2025-02-17 05:38:33.644671
",x265,3694.34,3.185,96.0,3.32%,0.0,0.0,0.2666015625,0.002861328125
"2025-02-17 05:38:35.656440
",breadthFirstSearch,4881.15,34.8,96.0,36.25%,0.0,0.0,45.7,0.0
"2025-02-17 05:38:35.656440
",x265,3635.83,3.185,96.0,3.32%,0.0,0.0,0.2666015625,0.002861328125
"2025-02-17 05:38:37.668332
",breadthFirstSearch,4907.94,34.8,96.0,36.25%,0.0,0.0,45.7,0.0
"2025-02-17 05:38:37.668332
",x265,3696.83,3.185,96.0,3.32%,0.0,0.0,0.2666015625,0.002861328125
"2025-02-17 05:38:39.678817
",breadthFirstSearch,4948.36,34.8,96.0,36.25%,0.0,0.0,45.7,0.0
"2025-02-17 05:38:39.678817
",x265,3736.74,3.185,96.0,3.32%,0.0,0.0,0.2666015625,0.002861328125
"2025-02-17 05:38:41.691530
",breadthFirstSearch,4967.32,34.8,96.0,36.25%,0.0,0.0,45.7,0.0
"2025-02-17 05:38:41.691530
",x265,3574.19,3.185,96.0,3.32%,0.0,0.0,0.2666015625,0.002861328125
"2025-02-17 05:38:43.704066
",breadthFirstSearch,4937.50,34.8,96.0,36.25%,0.0,0.0,45.7,0.0
"2025-02-17 05:38:43.704066
",x265,3678.08,3.185,96.0,3.32%,0.0,0.0,0.2666015625,0.002861328125
"2025-02-17 05:38:45.712463
",breadthFirstSearch,4670.95,34.8,96.0,36.25%,0.0,0.0,45.7,0.0
"2025-02-17 05:38:45.712463
",x265,4011.44,3.198,96.0,3.33%,0.0,0.0,0.2666015625,0.002861328125
"2025-02-17 05:38:47.720144
",breadthFirstSearch,4775.46,34.8,96.0,36.25%,0.0,0.0,45.7,0.0
"2025-02-17 05:38:47.720144
",x265,3022.26,3.202,96.0,3.34%,0.0,0.0,0.2666015625,0.002861328125
"2025-02-17 05:38:49.731736
",breadthFirstSearch,4824.72,34.8,96.0,36.25%,0.0,0.0,45.7,0.0
"2025-02-17 05:38:49.731736
",x265,3859.91,3.224,96.0,3.36%,0.0,0.0,0.2666015625,0.002861328125
"2025-02-17 05:38:51.741690
",breadthFirstSearch,4927.30,34.8,96.0,36.25%,0.0,0.0,45.7,0.0
"2025-02-17 05:38:51.741690
",x265,3899.38,3.234,96.0,3.37%,0.0,0.0,0.2666015625,0.002861328125
"2025-02-17 05:38:53.752539
",breadthFirstSearch,4970.28,34.8,96.0,36.25%,0.0,0.0,45.7,0.0
"2025-02-17 05:38:53.752539
",x265,3696.16,3.233,96.0,3.37%,0.0,0.0,0.2666015625,0.002861328125
"2025-02-17 05:38:55.764043
",breadthFirstSearch,5034.48,34.8,96.0,36.25%,0.0,0.0,45.7,0.0
"2025-02-17 05:38:55.764043
",x265,3295.92,3.234,96.0,3.37%,0.0,0.0,0.2666015625,0.002861328125
"2025-02-17 05:38:57.776231
",breadthFirstSearch,4927.79,34.8,96.0,36.25%,0.0,0.0,45.7,0.0
"2025-02-17 05:38:57.776231
",x265,1793.69,0.4126953125,96.0,0.43%,0.0,0.0,0.2666015625,0.0030859375
"2025-02-17 05:38:59.784728
",breadthFirstSearch,4866.19,34.8,96.0,36.25%,0.0,0.0,45.7,0.0
"2025-02-17 05:38:59.784728
",x265,3076.24,2.211,96.0,2.30%,0.0,0.0,0.2666015625,0.0030859375
"2025-02-17 05:39:01.795193
",breadthFirstSearch,4866.86,34.8,96.0,36.25%,0.0,0.0,45.7,0.0
"2025-02-17 05:39:01.795193
",x265,3794.17,3.13,96.0,3.26%,0.0,0.0,0.2666015625,0.0030859375
"2025-02-17 05:39:03.806078
",breadthFirstSearch,4973.73,34.8,96.0,36.25%,0.0,0.0,45.7,0.0
"2025-02-17 05:39:03.806078
",x265,3491.70,3.141,96.0,3.27%,0.0,0.0,0.2666015625,0.0030859375
"2025-02-17 05:39:05.819795
",breadthFirstSearch,4847.48,34.8,96.0,36.25%,0.0,0.0,45.7,0.0
"2025-02-17 05:39:05.819795
",x265,3858.85,3.142,96.0,3.27%,0.0,0.0,0.2666015625,0.0030859375
"2025-02-17 05:39:07.829632
",breadthFirstSearch,4811.15,34.8,96.0,36.25%,0.0,0.0,45.7,0.0
"2025-02-17 05:39:07.829632
",x265,3819.79,3.144,96.0,3.27%,0.0,0.0,0.2666015625,0.0030859375
"2025-02-17 05:39:09.839206
",breadthFirstSearch,4800.02,34.8,96.0,36.25%,0.0,0.0,45.7,0.0
"2025-02-17 05:39:09.839206
",x265,3861.11,3.145,96.0,3.28%,0.0,0.0,0.2666015625,0.0030859375
"2025-02-17 05:39:11.851136
",breadthFirstSearch,4770.55,34.8,96.0,36.25%,0.0,0.0,45.7,0.0
"2025-02-17 05:39:11.851136
",x265,3792.89,3.145,96.0,3.28%,0.0,0.0,0.2666015625,0.0030859375
"2025-02-17 05:39:13.860868
",breadthFirstSearch,4952.26,34.8,96.0,36.25%,0.0,0.0,45.7,0.0
"2025-02-17 05:39:13.860868
",x265,3619.63,3.144,96.0,3.27%,0.0,0.0,0.2666015625,0.0030859375
"2025-02-17 05:39:15.871652
",breadthFirstSearch,4877.03,34.8,96.0,36.25%,0.0,0.0,45.7,0.0
"2025-02-17 05:39:15.871652
",x265,3737.92,3.144,96.0,3.28%,0.0,0.0,0.2666015625,0.0030859375
"2025-02-17 05:39:17.881981
",breadthFirstSearch,4942.75,34.8,96.0,36.25%,0.0,0.0,45.7,0.0
"2025-02-17 05:39:17.881981
",x265,3726.17,3.164,96.0,3.30%,0.0,0.0,0.2666015625,0.0030859375
"2025-02-17 05:39:19.896790
",breadthFirstSearch,4884.32,34.8,96.0,36.25%,0.0,0.0,45.7,0.0
"2025-02-17 05:39:19.896790
",x265,3630.88,3.168,96.0,3.30%,0.0,0.0,0.2666015625,0.0030859375
"2025-02-17 05:39:21.903165
",breadthFirstSearch,4984.78,34.8,96.0,36.25%,0.0,0.0,45.7,0.0
"2025-02-17 05:39:21.903165
",x265,3525.04,3.168,96.0,3.30%,0.0,0.0,0.2666015625,0.0030859375
"2025-02-17 05:39:23.911499
",breadthFirstSearch,4883.72,34.8,96.0,36.25%,0.0,0.0,45.7,0.0
"2025-02-17 05:39:23.911499
",x265,3970.46,3.174,96.0,3.31%,0.0,0.0,0.2666015625,0.0030859375
"2025-02-17 05:39:25.924426
",breadthFirstSearch,4686.76,34.42,96.0,35.85%,0.0,0.0,45.7,0.0
"2025-02-17 05:39:25.924426
",x265,3784.30,3.173,96.0,3.31%,0.0,0.0,0.2666015625,0.0030859375
"2025-02-17 05:39:27.931279
",breadthFirstSearch,106.42,15.78,96.0,16.44%,0.0,0.0,45.7,0.0
"2025-02-17 05:39:27.931279
",x265,4268.96,3.172,96.0,3.30%,0.0,0.0,0.2666015625,0.0030859375
"2025-02-17 05:39:29.944090
",x265,4607.99,3.179,96.0,3.31%,0.0,0.0,0.2666015625,0.0030859375
"2025-02-17 05:39:31.969708
",x265,4538.91,3.179,96.0,3.31%,0.0,0.0,0.2666015625,0.0030859375
"2025-02-17 05:39:33.975531
",x265,4623.51,3.18,96.0,3.31%,0.0,0.0,0.2666015625,0.0030859375
"2025-02-17 05:39:35.983145
",x265,4692.85,3.18,96.0,3.31%,0.0,0.0,0.2666015625,0.0030859375
"2025-02-17 05:39:37.988284
",x265,4828.67,3.18,96.0,3.31%,0.0,0.0,0.2666015625,0.0030859375
"2025-02-17 05:39:39.995323
",x265,4772.35,3.18,96.0,3.31%,0.0,0.0,0.2666015625,0.0030859375
"2025-02-17 05:39:41.999897
",x265,4521.38,3.181,96.0,3.31%,0.0,0.0,0.2666015625,0.0030859375
"2025-02-17 05:39:44.005754
",x265,4986.74,3.195,96.0,3.33%,0.0,0.0,0.2666015625,0.0030859375
"2025-02-17 05:39:46.011048
",x265,4637.57,3.226,96.0,3.36%,0.0,0.0,0.2666015625,0.0030859375
"2025-02-17 05:39:48.016588
",x265,4305.08,3.243,96.0,3.38%,0.0,0.0,0.2666015625,0.0030859375
"2025-02-17 05:39:50.021718
",x265,4576.27,3.243,96.0,3.38%,0.0,0.0,0.2666015625,0.0030859375
"2025-02-17 05:39:52.026490
",x265,4058.77,3.243,96.0,3.38%,0.0,0.0,0.2666015625,0.0030859375
"2025-02-17 05:39:54.033687
",x265,3122.41,2.065,96.0,2.15%,0.0,0.0,0.2666015625,0.003896484375
"2025-02-17 05:39:56.041174
",x265,4450.95,3.129,96.0,3.26%,0.0,0.0,0.2666015625,0.003896484375
"2025-02-17 05:39:58.047184
",x265,4537.04,3.141,96.0,3.27%,0.0,0.0,0.2666015625,0.003896484375
"2025-02-17 05:40:00.053887
",x265,4782.61,3.143,96.0,3.27%,0.0,0.0,0.2666015625,0.003896484375
"2025-02-17 05:40:02.056473
",x265,4662.03,3.144,96.0,3.27%,0.0,0.0,0.2666015625,0.003896484375
"2025-02-17 05:40:04.063056
",x265,4663.21,3.144,96.0,3.27%,0.0,0.0,0.2666015625,0.003896484375
"2025-02-17 05:40:06.070986
",x265,4431.74,3.144,96.0,3.28%,0.0,0.0,0.2666015625,0.003896484375
"2025-02-17 05:40:08.075771
",x265,4938.88,3.143,96.0,3.27%,0.0,0.0,0.2666015625,0.003896484375
"2025-02-17 05:40:10.081910
",x265,4824.21,3.166,96.0,3.30%,0.0,0.0,0.2666015625,0.003896484375
"2025-02-17 05:40:12.089012
",x265,4334.02,3.169,96.0,3.30%,0.0,0.0,0.2666015625,0.003896484375
"2025-02-17 05:40:14.095469
",x265,4582.30,3.171,96.0,3.30%,0.0,0.0,0.2666015625,0.003896484375
"2025-02-17 05:40:16.102536
",x265,4358.92,3.17,96.0,3.30%,0.0,0.0,0.2666015625,0.003896484375
"2025-02-17 05:40:18.108080
",x265,4544.48,3.17,96.0,3.30%,0.0,0.0,0.2666015625,0.003896484375
"2025-02-17 05:40:20.116068
",x265,4383.62,3.172,96.0,3.30%,0.0,0.0,0.2666015625,0.003896484375
"2025-02-17 05:40:22.122111
",x265,4771.34,3.172,96.0,3.30%,0.0,0.0,0.2666015625,0.003896484375
"2025-02-17 05:40:24.127918
",x265,4458.96,3.172,96.0,3.30%,0.0,0.0,0.2666015625,0.003896484375
"2025-02-17 05:40:26.132930
",x265,4545.55,3.173,96.0,3.30%,0.0,0.0,0.2666015625,0.003896484375
"2025-02-17 05:40:28.137541
",x265,4478.45,3.172,96.0,3.30%,0.0,0.0,0.2666015625,0.003896484375
"2025-02-17 05:40:30.143766
",x265,4524.35,3.172,96.0,3.30%,0.0,0.0,0.2666015625,0.003896484375
"2025-02-17 05:40:32.149900
",x265,4147.03,3.186,96.0,3.32%,0.0,0.0,0.2666015625,0.003896484375
"2025-02-17 05:40:34.155785
",x265,4597.78,3.201,96.0,3.33%,0.0,0.0,0.2666015625,0.003896484375
"2025-02-17 05:40:36.160125
",x265,4435.09,3.236,96.0,3.37%,0.0,0.0,0.2666015625,0.003896484375
"2025-02-17 05:40:38.166623
",x265,4631.07,3.238,96.0,3.37%,0.0,0.0,0.2666015625,0.003896484375
"2025-02-17 05:40:40.170292
",x265,4169.75,3.238,96.0,3.37%,0.0,0.0,0.2666015625,0.003896484375
"2025-02-17 05:40:42.175936
",x265,882.09,0.257421875,96.0,0.27%,0.0,0.0,0.2666015625,0.0041015625
"2025-02-17 05:40:44.184492
",x265,0.00,0.25712890625,96.0,0.27%,0.0,0.0,0.2666015625,0.0041015625
"2025-02-17 05:40:46.189576
",x265,0.00,0.25712890625,96.0,0.27%,0.0,0.0,0.2666015625,0.0041015625
"2025-02-17 05:40:48.195875
",x265,0.00,0.25693359375,96.0,0.27%,0.0,0.0,0.2666015625,0.0041015625
"2025-02-17 05:40:50.200598
",x265,0.00,0.25693359375,96.0,0.27%,0.0,0.0,0.2666015625,0.0041015625
